1,Soil Series,Name,"Erodibility 
Class","Runoff
 Class  
",PSCG,N leaching,Type,Substrata,Modifier,"Soil 
Acidity
Group
",,1,,,,,,,Formula,N,P,K,,,N (Below),P(Below),K(Below),N(Above),P(Above),K(Above),"Fertilizer
Rec.",,,,,,,,,,
2,,,,,,,,,,,,2,Arecibo USDA Service Center,,,,,,,,,,,,2,3,4,5,6,7,8,,,,,,,,,,
3,Aceitunas-AaB(SJ),Aceitunas,Low,Low,Very High,Medium,L,C,ae,AG 3,,3,Caguas USDA Service Center,,,,,,05-10-10,5,10,10,,Avocado 2 Yrs or Less (LD),14,3,10,14,,,"Split in two applications, before flowering and after fruit development at a rate of 2 lb to 3 lb using the formulas 12-6-8, 12-6-10, 10-5-20 or a similar one on soils with low soil test values.  ",,,,,,,,,,
4,Aceitunas-AaC(A),Aceitunas,Medium,Medium,High,High,L,C,ae,AG 3,,4,Corozal USDA Service Center,,,,,,05-25-05,5,25,5,,Avocado 4 Yrs or Less (LD),40,9,28,40,,,"Split in two applications, before flowering and after fruit development at a rate of 6 lb to 8 lb using the formulas 12-6-8, 12-6-10, 10-5-20 or a similar one on soils with low soil test values.  ",,,,,,,,,,
5,Aceitunas-AaC(SJ),Aceitunas,Low,Medium,Very High,Medium,L,C,ae,AG 3,,5,Juana Diaz USDA Service Center,,,,,,06-06-12,6,6,12,,Avocado 6 Yrs or Less (LD),92,20,63,92,,,"Split in two applications, before flowering and after fruit development at a rate of 12 lb to 20 lb using the formulas 12-6-8, 12-6-10, 10-5-20 or a similar one on soils with low soil test values.  ",,,,,,,,,,
6,Aceitunas-AaC2(M),Aceitunas,Medium,Medium,Very High,Medium,L,C,ae,AG 3,,6,Mayaguez USDA Service Center,,,,,,06-08-10,6,8,10,,Avocado 2 Yrs or Less (HD),21,5,14,21,,,"Split in three applications at a rate of 0.5 lb per tree using the formulas 12-6-8, 12-6-10, 10-5-20 or a similar one on soils with low soil test values.  ",,,,,,,,,,
7,Aceitunas-AbC2(M),Aceitunas,Medium,Medium,High,Medium,L,C,ae,AG 3,,7,San Sebastian USDA Service Center,,,,,,07-16-16,7,16,16,,Avocado 4 Yrs or Less (HD),59,12,40,59,,,"Split in two applications, before flowering and after fruit development at a rate of 4 lb to 6 lb using the formulas 12-6-8, 12-6-10, 10-5-20 or a similar one on soils with low soil test values.  ",,,,,,,,,,
8,Aceitunas-AbE(SJ),Aceitunas,High,Medium,Very High,Medium,L,C,ae,AG 3,,8,St. Croix USDA Service Center,,,,,,08-06-10,8,6,10,,Avocado 6 Yrs or Less (HD),134,29,92,134,,,"Split in two applications, before flowering and after fruit development at a rate of 8 lb to 10 lb using the formulas 12-6-8, 12-6-10, 10-5-20 or a similar one on soils with low soil test values.  ",,,,,,,,,,
9,Aceitunas-AcC(A),Aceitunas,Medium,Medium,Very High,Medium,L,C,ae,AG 3 ,,9,Utuado USDA Service Center,,,,,,08-08-10,8,8,10,,Banana (LD),252,18,517,252,,,"Split in four applications (2,5,8,10 months post plant), using a fertilizer formula 10-2-25 or a similar one at a rate of 1/2 lb, 3/4 lb, 1lb, and 3/4 per plant and application on soils with low soil test values. Application rate should be adjusted, if you change fertilizer amount. ",,,,,,,,,,
10,Aceitunas-AcC(H),Aceitunas,Medium,Medium,Very High,Medium,L,C,ae,AG 3 ,,,,,,,,,08-08-12,8,8,12,,Banana (HD),422,30,865,422,,,"Split in four applications (2,5,8,10 months post plant), using a fertilizer formula 10-2-25 or a similar one at a rate of 1/2 lb, 3/4 lb, 1lb, and 3/4 per plant and application on soils with low soil test values. Application rate should be adjusted, if you change fertilizer amount. ",,,,,,,,,,
11,Adjuntas-AaF2(P),Adjuntas,Very High,High,High,Low,C,C,eh,AG 3,,Soil Test Categories,,,,,,,08-10-20,8,10,20,,Bean,50,25,94,,4,18,Apply fertilizer at pre-planting and at flowering season. ,,,,,,,,,,
12,Adjuntas-AdF2(A),Adjuntas,Very High,High,High,Low,C,C,eh,AG 3,,,L,M,H,,,,08-24-24,8,24,24,,Cabbage,150,43,66,100,,,"Split in two applications, post-planting and during head cabbage formation. ",,,,,,,,,,
13,Aguadilla-Ad(H),Aguadilla,Very Low,Very Low,Very Low,High,S,S,e,AG 2,,P Bray I,<12,>=12<=22,>22,,,,10-02-30,10,2,30,,Cantaloupe/Honeydew,200,22,41,150,,,"Micronutrient fertilization would be needed if you observe any deficiency symptoms or if soil pH is higher than 6.2. If nutrients levels are low, apply pre-planting fifty pounds per acre of N, 22 lb P/acre, and 41 lb K/acre using a fertilizer in granular form (500 lb/ac formula 10-10-10 or a similar one) and the rest of N via fertigation. On surface or trickle irrigated field apply 100 lb/acre of N at pre-planting and after first harvesting. ",,,,,,,,,,
14,Aguadilla-Ag(H),Aguadilla,Very Low,Very Low,Low,High,S,S,e,AG 2,,P Olsen,<8,>=8<=16,>16,,,,10-05-15,10,5,15,,Cassava (HD),64,28,85,64,,,"Split in two applications, one and three months post plant, using a fertilizer formula 5-5-10 or a similar one on soils with low soil test values. ",,,,,,,,,,
15,Aguilita-AcD(L),Aguilita,Medium,Medium,Very High,Low,L,R,bd,AG 1,,P Mehlich,<14,>=14<=32,>32,,,,10-05-20,10,5,20,,Cassava (LD),48,21,64,48,,,"Split in two applications, one and three months post plant, using a fertilizer formula 5-5-10 or a similar one on soils with low soil test values. ",,,,,,,,,,
16,Aguilita-AcD(M),Aguilita,Medium,Medium,Very High,Medium,L,R,bd,AG 1,,Ca,<600,>=600<=1200,>1200,,,,10-05-30,10,5,30,,Citrus 2 Yrs or Less (LD),54,10,30,54,,,"Split in two applications at a rate of 1.5 lb per tree one using the formulas 12-6-10, 15-5-10  or a similar one on soils with low soil test values.  ",,,,,,,,,,
17,Aguilita-AcE(L),Aguilita,Very High,High,Very High,Low,L,R,bd,AG 1,,Mg,<182,>=182<=304,>304,,,,10-10-05,10,10,5,,Citrus 4 Yrs or Less (LD),131,23,85,131,,,"Split in two applications at a rate of 3 lb to 4 lb using the formulas 12-6-10, 15-5-10  or a similar one on soils with low soil test values.  ",,,,,,,,,,
18,Aguilita-AcE(M),Aguilita,Very High,High,Very High,Medium,L,R,bd,AG 1,,K,<78,>=78<=156,>156,,,,10-10-08,10,10,8,,Citrus 6 Yrs or Less (LD),187,35,186,187,,,"Apply 9 lb of fertilizers using the formulas 12-6-10, 15-5-10, 10-5-15, 10-5-20, 12-6-16  or a similar one on soils with low soil test values.  ",,,,,,,,,,
19,Aguilita-AgD(P),Aguilita,High,Medium,High,Medium,L,R,bd,AG 1,,Fe,<2.5,>=2.5<=4.5,>4.5,,,,10-10-10,10,10,10,,Citrus 8 Yrs or Less (LD),250,47,249,250,,,"Apply 13 lb of fertilizers using the formulas 12-6-10, 15-5-10, 10-5-15, 10-5-20, 12-6-16  or a similar one on soils with low soil test values.  ",,,,,,,,,,
20,Aguilita-AgF(P),Aguilita,Very High,High,High,Medium,L,R,bd,AG 1,,Mn,<1.0,1,>1.0,,,,10-10-20,10,10,20,,Citrus 10 Yrs or Less (LD),312,59,310,312,,,"Apply 17 lb of fertilizers using the formulas 12-6-10, 15-5-10, 10-5-15, 10-5-20, 12-6-16  or a similar one on soils with low soil test values.  ",,,,,,,,,,
21,Aguilita-AhF(P),Aguilita,Very High,High,High,Medium,L,R,bd,AG 1,,Zn,<0.5,>=0.5<=1,>1,,,,10-15-15,10,15,15,,Citrus 2 Yrs or Less (HD),103,18,57,103,,,"Split in two applications at a rate of 1.5 lb per tree one using the formulas 12-6-10, 15-5-10  or a similar one on soils with low soil test values.  ",,,,,,,,,,
22,Aguirre-Ag(L),Aguirre,Very Low,Medium,Medium,Very Low,C,C,gnv,AG 1,,Cu,<0.2,0.2,>0.2,,,,10-20-20,10,20,20,,Citrus 4 Yrs or Less (HD),233,41,133,233,,,"Split in two applications at a rate of 3 lb to 4 lb using the formulas 12-6-10, 15-5-10  or a similar one on soils with low soil test values.  ",,,,,,,,,,
23,Aibonito-AbD(SJ),Aibonito,Medium,Medium,Very High,Very Low,C,C,ae,AG 3,,,,,,,,,10-25-25,10,25,25,,Citrus 6 Yrs or Less (HD),343,65,342,343,,,"Apply 9 lb of fertilizers using the formulas 12-6-10, 15-5-10, 10-5-15, 10-5-20, 12-6-16  or a similar one on soils with low soil test values.  ",,,,,,,,,,
24,Aibonito-AbE(SJ),Aibonito,High,High,Very High,Very Low,C,C,ae,AG 3,,,,,,,,,12-03-12,12,3,12,,Citrus 8 Yrs or Less (HD),460,87,455,460,,,"Apply 13 lb of fertilizers using the formulas 12-6-10, 15-5-10, 10-5-15, 10-5-20, 12-6-16  or a similar one on soils with low soil test values.  ",,,,,,,,,,
25,Aibonito-AdE2(M),Aibonito,High,High,Very High,Very Low,C,C,ae,AG 3,,Soil Survey Area,,,,,,,12-04-06,12,4,6,,Citrus 10 Yrs or Less (HD),594,108,570,594,,,"Apply 17 lb of fertilizers using the formulas 12-6-10, 15-5-10, 10-5-15, 10-5-20, 12-6-16  or a similar one on soils with low soil test values.  ",,,,,,,,,,
26,Algarrobo-AgC(A),Algarrobo,Medium,Low,Very Low,High,S,L,eh,AG 2,,,,,,,,,12-04-10,12,4,10,,Coffee 2 Yrs or Less (LD),137,59,91,,,,Split in four applications at a rate of 5 oz per plant using the formulas 10-10-8-3 and 9-10-5-3 plus micronutrients or a similar one.  ,,,,,,,,,,
27,Almirante-AlB(A) ,Almirante,Medium,Low,Medium,Medium,C,C,ae,AG 3,,Arecibo,,,,,,,12-05-15,12,5,15,,Coffee 4 Yrs or Less (LD),491,70,408,,,,"Split in three applications at a rate of 16 oz per plant using the formulas 15-5-15-3, 12-6-16-3, 10-5-15-3 and 12-5-15-3 plus micronutrients or a similar one on soils with low soil test values.  ",,,,,,,,,,
28,Almirante-AlC(A),Almirante,Medium,Medium,Medium,Medium,C,C,ae,AG 3,,Mayaguez,,,,,,,12-05-20,12,5,20,,Coffee 2 Yrs or Less (HD),228,98,149,,,,Split in four applications at a rate of 5 oz per plant using the formulas 10-10-8-3 and 9-10-5-3 plus micronutrients or a similar one on soils with low soil test values.  ,,,,,,,,,,
29,Almirante-AmB(A),Almirante,Medium,Low,Medium,Medium,C,C,ae,AG 3,,San Juan,,,,,,,12-06-06,12,6,6,,Coffee 4 Yrs or Less (HD),819,117,680,,,,"Split in three applications at a rate of 16 oz per plant using the formulas 15-5-15-3, 12-6-16-3, 10-5-15-3 and 12-5-15-3 plus micronutrients or a similar one on soils with low soil test values.  ",,,,,,,,,,
30,Almirante-AmB(SJ),Almirante,Medium,Low,High,Medium,C,C,ae,AG 3,,Ponce,,,,,,,12-06-08,12,6,8,,Cucumber,200,22,41,150,,,"Micronutrient fertilization would be needed if you observe any deficiency symptoms or if soil pH is higher than 6.2. If nutrients levels are low, apply pre-planting fifty pounds per acre of N, 22 lb P/acre, and 41 lb K/acre using a fertilizer in granular form (500 lb/ac formula 10-10-10 or a similar one) and the rest of N via fertigation. On surface or trickle irrigated field apply 100 lb/acre of N at pre-planting and after first harvesting. ",,,,,,,,,,
31,Almirante-AmC(A),Almirante,Medium,Medium,Medium,Medium,C,C,ae,AG 3,,Humacao,,,,,,,12-06-06,12,6,6,,Eggplant,150,100,125,150,20,20,Micronutrient fertilization would be needed if you observe any deficiency symptoms or if soil pH is higher than 6.2. On non fertigated field apply 100 lb/acre of N at pre-planting and at flowering season. ,,,,,,,,,,
32,Almirante-AmC(SJ),Almirante,Medium,Medium,High,Medium,C,C,ae,AG 3,,San German,,,,,,,12-06-08,12,6,8,,Grassland (Improved varieties),300,44,171,300,,,Split in four applications using a fertilizer formula 15-5-10 or a similar one on soils with low soil test values.,,,,,,,,,,
33,Almirante-AnB(A),Almirante,Medium,Low,High,Medium,C,C,ae,AG 3,,Virgin Islands of the United States,,,,,,,12-06-10,12,6,10,,Hayland (Improved varieties),330,48,189,330,,,Split in four applications using a fertilizer formula 15-5-10 or a similar one on soils with low soil test values.,,,,,,,,,,
34,Almirante-AnC(A),Almirante,Medium,Medium,High,Medium,C,C,ae,AG 3,,,,,,,,,12-06-16,12,6,16,,Mango 4 Yrs or Less (LD),22,5,12,22,,,"Split in two applications at a rate of 2 lb and 2.5 lb per tree 6 months after each one using the formulas 12-6-8, 8-6-10 or a similar one on soils with low soil test values.  ",,,,,,,,,,
35,Alonso-AnE2(P),Alonso,High,High,High,Medium,C,C,ae,AG 3,,,,,,,,,12-08-16,12,8,16,,Mango 8 Yrs or Less (LD),74,16,40,74,,,"Apply to high productivity plantation at a rate of 15 lb per tree using the formulas 12-6-8, 8-6-10 or a similar one on soils with low soil test values. Reduce application rate for a low productivity plantation.   ",,,,,,,,,,
36,Alonso-AnF2(P),Alonso,High,High,High,Medium,C,C,ae,AG 3,,,,,,,,,12-12-24,12,12,24,,Mango 4 Yrs or Less (HD),59,13,32,59,,,"Split in two applications at a rate of 2 lb and 2.5 lb per tree 6 months after each one using the formulas 12-6-8, 8-6-10 or a similar one on soils with low soil test values.  ",,,,,,,,,,
37,Alonso-AoD2(A),Alonso,Medium,Medium,High,Medium,C,C,ae,AG 3,,,,,,,,,15-02-08,15,2,8,,Mango 8 Yrs or Less (HD),196,42,107,196,,,"Apply to high productivity plantation at a rate of 15 lb per tree using the formulas 12-6-8, 8-6-10 or a similar one on soils with low soil test values. Reduce application rate for a low productivity plantation.   ",,,,,,,,,,
38,Alonso-AoE2(A),Alonso,High,High,High,Medium,C,C,ae,AG 3,,,,,,,,,15-03-15,15,3,15,,Onion,200,22,41,150,,,"Micronutrient fertilization would be needed if you observe any deficiency symptoms or if soil pH is higher than 6.2. If nutrients levels are low apply pre-planting fifty pounds per acre of N, 22 lb P/acre, and 41 lb K/acre using a fertilizer in granular form (500 lb/ac formula 10-10-10 or a similar one) and the rest of N via fertigation. On surface or trickle irrigated field apply 100 lb/acre of N at pre-planting and after first harvesting. ",,,,,,,,,,
39,Alonso-AoF2(A),Alonso,High,High,High,Medium,C,C,ae,AG 3,,,,,,,,,15-05-10,15,5,10,,Papaya,248,107,205,248,,,"Apply 2 oz per plant of fertilizer 15-15-15 or a similar one on soils with low soil test values after transplant, increase this rate by 1 oz every 4 to 8 weeks up to the flowering season. Apply 0.5 lb per plants of similar fertilizer during the harvesting season every 4 to 8 weeks.",,,,,,,,,,
40,Amelia-AmB(H),Amelia,Medium,Low,Medium,Low,L,L,d,AG 2,,,,,,,,,15-08-04,15,8,4,,Pepper,150,39,25,150,,20,On non fertigated field apply 100 lb/acre of N at pre-planting and at flowering season. ,,,,,,,,,,
41,Amelia-AmB(L),Amelia,Medium,Low,Medium,Low,L,L,d,AG 2,,,,,,,,,15-05-20,15,5,20,,Pineapple,350,27,228,350,,,"Split in three applications, 1-2 months, 4-5 months and 8-9 months post plant, of the fertilizer formula 12-6-10 or a similar one on soils with low soil test values.",,,,,,,,,,
42,Amelia-AmC2(H),Amelia,Medium,Medium,Medium,Low,L,L,d,AG 2,,,,,,,,,15-10-05,15,10,5,,Plantain,288,24,574,288,,,"Split in four applications (2,5,8,11 months post plant), using a fertilizer formula 10-2-25 or a similar one on soils with low soil test values at a rate of 1/2 lb, 3/4 lb, 1lb, and 1/2 per plant and application. Application rate should be adjusted, if you change fertilizer amount. ",,,,,,,,,,
43,Amelia-AmC2(L),Amelia,Medium,Medium,Medium,Low,L,L,eh,AG 2,,,,,,,,,15-10-10,15,10,10,,Pumpkin,150,43,66,100,,,"Split in two applications, pre-planting and 90 days after transplanting. ",,,,,,,,,,
44,Amelia-Ao(L),Amelia,Medium,Low,Medium,Low,L,L,eh,AG 2,,,,,,,,,15-10-15,15,10,15,,Rice,120,11,54,,,,Split in two applications.,,,,,,,,,,
45,Anones-AoD(M),Anones,High,Medium,High,Low,L,L,eh,AG 3,,,,,,,,,15-15-10,15,15,10,,Spanish Lime (Quenepa) 4 Yrs or Less (LD),61,18,63,,,,Split in three applications at a rate of 5-6 lb per tree using the formulas 15-5-10 or 10-10-10 with 3% of Mg plus micronutrient or a similar one on soils with low soil test values.  ,,,,,,,,,,
46,Anones-AoE2(M),Anones,High,High,High,Low,L,L,eh,AG 3,,,,,,,,,15-15-15,15,15,15,,Spanish Lime (Quenepa) 8 Yrs or Less (LD),69,29,113,,,,Split in three applications at a rate of 9-10 lb per tree using the formulas 15-5-20 or 10-10-20 with 3% of Mg plus micronutrient or a similar one on soils with low soil test values.  ,,,,,,,,,,
47,Anones-AoF2(M),Anones,High,High,High,Low,L,L,eh,AG 3,,,,,,,,,15-15-18,15,15,18,,Spanish Lime (Quenepa) 4 Yrs or Less (HD),95,27,52,,,,Split in three applications at a rate of 5-6 lb per tree using the formulas 15-5-10 or 10-10-10 with 3% of Mg plus micronutrient or a similar one on soils with low soil test values.  ,,,,,,,,,,
48,Arecibo-ArC(A),Arecibo,Medium,Very Low,Very Low,High,S,L,eh,AG 2,,,,,,,,,16-04-04,16,4,4,,Spanish Lime (Quenepa) 8 Yrs or Less (HD),106,46,174,,,,Split in three applications at a rate of 9-10 lb per tree using the formulas 15-5-20 or 10-10-20 with 3% of Mg plus micronutrient or a similar one on soils with low soil test values.  ,,,,,,,,,,
49,Arenales-An(H),Arenales,Very Low,Very Low,Low,High,S,S,e,AG 2,,,,,,,,,16-04-08,16,4,8,,Sugarcane (New seedling) ,185,77,20,120,20,50,,,,,,,,,,,
50,Arenales-Ar(H),Arenales,Very Low,Very Low,Low,High,S,S,e,AG 2,,,,,,,,,18-06-12,18,6,12,,Sugarcane (Suckers) ,144,66,171,124,,,,,,,,,,,,,
51,Bahia-AsB(L),Bahia,Very Low,Very Low,Very Low,High,S,S,d,AG 1,,,,,,,,,20-00-10,20,0,10,,Sweet Pepper,150,65,98,150,,,"Split in 3 applications (pre-planting, flowering season and after first harvesting)1500 lb/ac of fertilizer formula 10-10-8 or a similar one on soils with low soil test values. On fertigated field make a pre-planting application of 500 lb/ac formula 10-10-8 (50 lb N/ac/yr , 22 lb P/ac/yr, 33 lb K/ac/yr) and split the rest in 6 applications via drip irrigation at 2 week intervals. Apply a solution of 3 % of N as a starter fertilzer.",,,,,,,,,,
52,Bajura-Ba(A),Bajura,Very Low,Low,Medium,High,C,C,g,AG 1,,,,,,,,,20-00-20,20,0,20,,Sweet Potato,54,23,89,54,,,Apply at rate of 4 oz per plant using a fertilizer formula 6-6-12 or a similar one  on soils with low soil test values.,,,,,,,,,,
53,Bajura-Ba(H),Bajura,Very Low,Low,Medium,High,C,C,g,AG 1,,,,,,,,,20-04-08,20,4,8,,Tannier- (HD),138,30,169,138,,,"Apply at rate of 2 oz per plant, 1 1/2 to 2 months post plant, using a fertilizer formula 10-5-15 or a similar one on soils with low soil test values.",,,,,,,,,,
54,Bajura-Ba(M),Bajura,Very Low,Low,Medium,High,C,C,g,AG 1,,,,,,,,,20-05-10,20,5,10,,Tannier- (LD),88,19,108,88,,,"Apply at rate of 2 oz per plant, 1 1/2 to 2 months post plant, using a fertilizer formula 10-5-15 or a similar one on soils with low soil test values.",,,,,,,,,,
55,Bajura-Ba(SJ),Bajura,Very Low,Low,Medium,High,C,C,g,AG 1,,,,,,,,,20-05-15,20,5,15,,Tomato,150,39,123,150,,,Micronutrient fertilization would be needed if you observe any deficiency symptoms or if soil pH is higher than 6.2. On non fertigated field apply 100 lb/acre of N at pre-planting and at flowering season. ,,,,,,,,,,
56,Bajura-Bc(H),Bajura,Very Low,Low,Medium,High,C,C,g,AG 1,,,,,,,,,20-05-20,20,5,20,,Watermelon,100,66,164,85,22,82,"Split in two applications, pre-planting and one month after transplanting. Micronutrient fertilization would be needed if you observe any deficiency symptoms or if soil pH is higher than 6.2. ",,,,,,,,,,
57,Bayamon-BcB(A),Bayamon,Medium,Low,Medium,Medium,C,C,ehi,AG 3,,,,,,,,,20-10-10,20,10,10,,Yam- (HD),218,94,290,218,,,Apply at rate of 4 oz per plant using a fertilizer formula 8-8-13 or a similar one on soils with low soil test values.,,,,,,,,,,
58,Bayamon-BcC(A),Bayamon,Medium,Medium,Medium,Medium,C,C,ehi,AG 3,,,,,,,,,20-10-15,20,10,15,,Yam- (LD),145,62,194,145,,,Apply at rate of 4 oz per plant using a fertilizer formula 8-8-13 or a similar one on soils with low soil test values.,,,,,,,,,,
59,Bayamon-BmB(SJ),Bayamon,Low,Low,High,Medium,C,C,ehi,AG 3,,,,,,,,,21-07-07,21,7,7,,,,,,,,,,,,,,,,,,,
60,Bayamon-BsB(A),Bayamon,Low,Low,Medium,Medium,C,C,ehi,AG 3,,,,,,,,,21-07-14,21,7,14,,,,,,,,,,,,,,,,,,,
61,Bayamon-BsC(A),Bayamon,Medium,Medium,Medium,Medium,C,C,ehi,AG 3,,,,,,,,,Ammonium Nitrate,20,0,0,,,,,,,,,,,,,,,,,,,
62,Bayamon-ByB(A),Bayamon,Low,Low,High,Medium,C,C,ehi,AG 3,,,,,,,,,Ammonium Nitrate Ammonia 37%,37,0,0,,,,,,,,,,,,,,,,,,,
63,Bayamon-ByC(A),Bayamon,Low,Medium,High,Medium,C,C,ehi,AG 3,,,,,,,,,Ammonium Nitrate Ammonia 41%,41,0,0,,,,,,,,,,,,,,,,,,,
64,Bejucos-BcB(M),Bejucos,Low,Low,High,Medium,L,L,ae,AG 2,,,,,,,,,Ammonium Polyphosphate 24%,8,24,,,,,,,,,,,,,,,,,,,,
65,Bejucos-BeB(M),Bejucos,Low,Very Low,Medium,Medium,L,L,ae,AG 2,,,,,,,,,Ammonium Polyphosphate 30%,9,30,,,,,,,,,,,,,,,,,,,,
66,Cabo Rojo-CaC(M),Cabo Rojo,Medium,Medium,Medium,Low,C,C,ae,AG 2,,,,,,,,,Ammonium Polyphosphate 34%,10,34,,,,,,,,,,,,,,,,,,,,
67,Cabo Rojo-CaC2(M),Cabo Rojo,Medium,Medium,Medium,Low,C,C,ae,AG 2,,,,,,,,,Ammonium Polyphosphate 37%,11,37,,,,,,,,,,,,,,,,,,,,
68,Caguabo-CaE(SJ),Caguabo,Very High,High,Medium,Very Low,L,R,None,AG 2,,,,,,,,,Ammonium Sulfate,21,0,0,,,,,,,,,,,,,,,,,,,
69,Caguabo-CaF(A),Caguabo,Very High,High,Medium,Very Low,L,R,None,AG 2,,,,,,,,,Aqua Ammonia 20%,20,0,0,,,,,,,,,,,,,,,,,,,
70,Caguabo-CaF(SJ),Caguabo,Very High,High,Medium,Very Low,L,R,None,AG 2,,,,,,,,,Aqua Ammonia 24%,24,0,0,,,,,,,,,,,,,,,,,,,
71,Caguabo-CbD2(H),Caguabo,High,Medium,Medium,Very Low,L,R,None,AG 2,,,,,,,,,Calcium Ammonium Nitrate 17% ,17,0,0,,,,,,,,,,,,,,,,,,,
72,Caguabo-CbF(A),Caguabo,Very High,High,Medium,Very Low,L,R,None,AG 2,,,,,,,,,Diammonium Phosphate,18,46,,,,,,,,,,,,,,,,,,,,
73,Caguabo-CbF(SJ),Caguabo,Very High,High,Medium,Very Low,L,R,None,AG 2,,,,,,,,,N Solution ,30,0,0,,,,,,,,,,,,,,,,,,,
74,Caguabo-CbF2(H),Caguabo,Very High,High,Medium,Very Low,L,R,None,AG 2,,,,,,,,,Phosphoric Acid 52% ,0,52,0,,,,,,,,,,,,,,,,,,,
75,Caguabo-CbF2(M),Caguabo,Very High,High,Medium,Very Low,L,R,None,AG 2,,,,,,,,,Phosphoric Acid 68% ,0,68,0,,,,,,,,,,,,,,,,,,,
76,Caguabo-CbF2(P),Caguabo,Very High,High,Medium,Very Low,L,R,None,AG 2,,,,,,,,,Phosphoric Acid 75% ,0,75,0,,,,,,,,,,,,,,,,,,,
77,Caguabo-CdF(P),Caguabo,Very High,High,Medium,Very Low,L,R,None,AG 2,,,,,,,,,Potassium Cloride,0,0,60,,,,,,,,,,,,,,,,,,,
78,Callabo-CoD(P),Callabo,High,Medium,Medium,Low,L,L,d,AG 2,,,,,,,,,Potassium Sulfate,0,0,50,,,,,,,,,,,,,,,,,,,
79,Callabo-CoE(P),Callabo,Very High,High,Medium,Low,L,L,d,AG 2,,,,,,,,,Triple Superphospate,0,45,0,,,,,,,,,,,,,,,,,,,
80,Callabo-CoF2(P),Callabo,Very High,High,Medium,Low,L,L,d,AG 2,,,,,,,,,Urea,46,,,,,,,,,,,,,,,,,,,,,
81,Camaguey-CcB(M),Camaguey,Medium,High,Low,Very Low,C,C,bgv,AG 2,,,,,,,,,Urea Ammonium Nitrate 28% ,28,,,,,,,,,,,,,,,,,,,,,
82,Candelero-CdB(H),Candelero,Medium,Very Low,Low,Low,L,L,gh,AG 2,,,,,,,,,Urea Ammonium Nitrate 32% ,32,0,0,,,,,,,,,,,,,,,,,,,
83,Candelero-CdC2(H),Candelero,High,Low,Low,Low,L,L,gh,AG 2,,,,,,,,,Urea Solution 20% ,20,0,0,,,,,,,,,,,,,,,,,,,
84,Candelero-Ce(SJ),Candelero,Medium,Low,Low,Low,L,L,gh,AG 2,,,,,,,,,Urea Solution 23% ,23,0,0,,,,,,,,,,,,,,,,,,,
85,Caracoles-CcD(A),Caracoles,High,Medium,Low,Very Low,L,R,d,AG 2,,,,,,,,,,,,,,,,,,,,,,,,,,,,,,,
86,Caracoles-CcE(A),Caracoles,Very High,High,Low,Very Low,L,R,d,AG 2,,,,,,,,,,,,,,,,,,,,,,,,,,,,,,,
87,Carrizales-CeC(A),Carrizales,Medium,Low,Very Low,High,L,R,d,AG 2,,,,,,,,,,,,,,,,,,,,,,,,,,,,,,,
88,Cartagena-Ca(L),Cartagena,Very Low,Low,Medium,Very Low,C,C,dnv,AG 1,,,,,,,,,,,,,,,,,,,,,,,,,,,,,,,
89,Cartagena-Cc(L),Cartagena Varia,Very Low,Low,Medium,Very Low,C,C,dnv,AG 1,,,,,,,,,,,,,,,,,,,,,,,,,,,,,,,
90,Cartagena-Ce(H),Cartagena ,Very Low,Low,Medium,Very Low,C,C,dnv,AG 1,,,,,,,,,,,,,,,,,,,,,,,,,,,,,,,
91,Catalina-ClC(SJ),Catalina,Low,Low,Very High,Medium,C,C,eh,AG 3,,,,,,,,,,,,,,,,,,,,,,,,,,,,,,,
92,Catano-Cd(M),Catano,Very Low,Very Low,Very Low,High,S,S,e,AG 2,,,,,,,,,,,,,,,,,,,,,,,,,,,,,,,
93,Catano-Ce(M),Catano,Very Low,Low,High,High,S,S,e,AG 2,,,,,,,,,,,,,,,,,,,,,,,,,,,,,,,
94,Catano-Cf(A),Catano,Very Low,Very Low,Very Low,Medium,S,S,e,AG 2,,,,,,,,,,,,,,,,,,,,,,,,,,,,,,,
95,Catano-Cf(H),Catano,Very Low,Very Low,Very Low,High,S,S,e,AG 2,,,,,,,,,,,,,,,,,,,,,,,,,,,,,,,
96,Catano-Cn(SJ),Catano,Very Low,Very Low,Very Low,High,S,S,e,AG 2,,,,,,,,,,,,,,,,,,,,,,,,,,,,,,,
97,Cayagua-CgC2(H),Cayagua,High,Medium,Low,Low,L,C,hg,AG 2,,,,,,,,,,,,,,,,,,,,,,,,,,,,,,,
98,Cayagua-CgD2(H),Cayagua,Very High,Medium,Low,Medium,L,C,hg,AG 2,,,,,,,,,,,,,,,,,,,,,,,,,,,,,,,
99,Cayagua-Co(SJ),Cayagua,High,Medium,Low,Low,L,C,hg,AG 2,,,,,,,,,,,,,,,,,,,,,,,,,,,,,,,
100,Ciales-GvF(H),Ciales,Very High,High,Medium,Very Low,L,R,ehg,AG 2,,,,,,,,,,,,,,,,,,,,,,,,,,,,,,,
101,Cidral-CfC2(M),Cidral,Medium,Medium,Medium,Low,C,C,ae,AG 3,,,,,,,,,,,,,,,,,,,,,,,,,,,,,,,
102,Cintrona-Cr(P),Cintrona,Very Low,Medium,Medium,Very Low,C,C,bg,AG 1,,,,,,,,,,,,,,,,,,,,,,,,,,,,,,,
103,Coamo-ClB(H),Coamo,Medium,Medium,Medium,Low,L,C,d,AG 1,,,,,,,,,,,,,,,,,,,,,,,,,,,,,,,
104,Coamo-ClC(H),Coamo,Medium,High,Medium,Low,L,C,d,AG 1,,,,,,,,,,,,,,,,,,,,,,,,,,,,,,,
105,Colinas-ClD(M),Colinas,High,Medium,High,Medium,L,L,bd,AG 1,,,,,,,,,,,,,,,,,,,,,,,,,,,,,,,
106,Colinas-ClD2(A),Colinas,High,Medium,High,Medium,L,L,bd,AG 1,,,,,,,,,,,,,,,,,,,,,,,,,,,,,,,
107,Colinas-ClE(M),Colinas,Very High,High,High,Medium,L,L,bd,AG 1,,,,,,,,,,,,,,,,,,,,,,,,,,,,,,,
108,Colinas-ClE2(A),Colinas,Very High,High,High,Medium,L,L,bd,AG 1,,,,,,,,,,,,,,,,,,,,,,,,,,,,,,,
109,Colinas-ClF2(A),Colinas,Very High,High,High,Medium,L,L,bd,AG 1,,,,,,,,,,,,,,,,,,,,,,,,,,,,,,,
110,Colinas-ClF2(M),Colinas,Very High,High,High,Medium,L,L,bd,AG 1,,,,,,,,,,,,,,,,,,,,,,,,,,,,,,,
111,Colinas-CmD(M),Colinas,High,Medium,High,Medium,L,L,bd,AG 1,,,,,,,,,,,,,,,,,,,,,,,,,,,,,,,
112,Colinas-CmE(M),Colinas,Very High,High,High,Medium,L,L,bd,AG 1,,,,,,,,,,,,,,,,,,,,,,,,,,,,,,,
113,Colinas-CmF2(A),Colinas,Very High,High,High,Medium,L,L,bd,AG 1,,,,,,,,,,,,,,,,,,,,,,,,,,,,,,,
114,Colinas-CrD2(SJ),Colinas,High,Medium,High,Medium,L,L,bd,AG 1,,,,,,,,,,,,,,,,,,,,,,,,,,,,,,,
115,Colinas-CrE2(SJ),Colinas,Very High,High,High,Medium,L,L,bd,AG 1,,,,,,,,,,,,,,,,,,,,,,,,,,,,,,,
116,Colinas-CrF2(SJ),Colinas,Very High,High,High,Medium,L,L,bd,AG 1,,,,,,,,,,,,,,,,,,,,,,,,,,,,,,,
117,Coloso-Cn(A),Coloso,Very Low,Very Low,Medium,High,L,C,g,AG 1,,,,,,,,,,,,,,,,,,,,,,,,,,,,,,,
118,Coloso-Cn(M),Coloso,Very Low,Very Low,Medium,High,L,C,g,AG 1,,,,,,,,,,,,,,,,,,,,,,,,,,,,,,,
119,Coloso-Co(H),Coloso,Very Low,Low,Medium,High,L,C,g,AG 1,,,,,,,,,,,,,,,,,,,,,,,,,,,,,,,
120,Coloso-Cr(H),Coloso,Very Low,Low,Medium,High,L,C,g,AG 1,,,,,,,,,,,,,,,,,,,,,,,,,,,,,,,
121,Coloso-Cs(SJ),Coloso,Very Low,Very Low,Medium,High,L,C,g,AG 1,,,,,,,,,,,,,,,,,,,,,,,,,,,,,,,
122,Consejo-CoE(A),Consejo,High,High,Medium,Low,C,C,ae,AG 3,,,,,,,,,,,,,,,,,,,,,,,,,,,,,,,
123,Consejo-CoF(A),Consejo,High,High,Medium,Low,C,C,ae,AG 3 ,,,,,,,,,,,,,,,,,,,,,,,,,,,,,,,
124,Constancia-Ct(P),Constancia,Very Low,Medium,Medium,Very Low,C,C,bg,AG 1,,,,,,,,,,,,,,,,,,,,,,,,,,,,,,,
125,Consumo-CoE(M),Consumo,High,High,Medium,Medium,C,C,ae,AG 3,,,,,,,,,,,,,,,,,,,,,,,,,,,,,,,
126,Consumo-CoF2(M),Consumo,High,High,Medium,High,C,C,ae,AG 3,,,,,,,,,,,,,,,,,,,,,,,,,,,,,,,
127,Consumo-CpE(A),Consumo,High,High,Medium,High,C,C,ae,AG 3,,,,,,,,,,,,,,,,,,,,,,,,,,,,,,,
128,Consumo-CpF(A),Consumo,High,High,Medium,High,C,C,ae,AG 3,,,,,,,,,,,,,,,,,,,,,,,,,,,,,,,
129,Consumo-CuE(SJ),Consumo,High,High,Medium,Medium,C,C,ae,AG 3,,,,,,,,,,,,,,,,,,,,,,,,,,,,,,,
130,Consumo-CuF(SJ),Consumo,High,High,Medium,Medium,C,C,ae,AG 3,,,,,,,,,,,,,,,,,,,,,,,,,,,,,,,
131,Consumo-CuF2(P),Consumo,High,High,Medium,Medium,C,C,ae,AG 3,,,,,,,,,,,,,,,,,,,,,,,,,,,,,,,
132,Corcega-Cr(M),Corcega,Medium,Very Low,Medium,High,L,C,g,AG 1,,,,,,,,,,,,,,,,,,,,,,,,,,,,,,,
133,Corcega-Cs(H),Corcega,Medium,Very Low,Low,High,L,C,g,AG 1,,,,,,,,,,,,,,,,,,,,,,,,,,,,,,,
134,Corozal-CrC(A),Corozal,High,High,Medium,Low,C,C,aeg,AG 3,,,,,,,,,,,,,,,,,,,,,,,,,,,,,,,
135,Corozal-CzC(SJ),Corozal,High,High,Medium,Low,C,C,aeg,AG 3,,,,,,,,,,,,,,,,,,,,,,,,,,,,,,,
136,Corozo-CsC(A),Corozo,Medium,Low,Very Low,High,S,L,eh,AG 2,,,,,,,,,,,,,,,,,,,,,,,,,,,,,,,
137,Cortada-Cx(P),Cortada,Low,Very Low,Medium,Low,L,L,bd,AG 1,,,,,,,,,,,,,,,,,,,,,,,,,,,,,,,
138,Cotito-CtB2(M),Cotito,Medium,Low,High,Medium,C,R,ehi,AG 2,,,,,,,,,,,,,,,,,,,,,,,,,,,,,,,
139,Coto-CtB(A),Coto,Low,Low,High,Medium,C,C,ehi,AG 3,,,,,,,,,,,,,,,,,,,,,,,,,,,,,,,
140,Coto-CtC(A),Coto,Low,Medium,High,Medium,C,C,ehi,AG 3,,,,,,,,,,,,,,,,,,,,,,,,,,,,,,,
141,Coto-CuB2(M),Coto,Low,Low,High,Medium,C,C,ehi,AG 3,,,,,,,,,,,,,,,,,,,,,,,,,,,,,,,
142,Coto-CuC2(M),Coto,Low,Medium,High,Medium,C,C,ehi,AG 3,,,,,,,,,,,,,,,,,,,,,,,,,,,,,,,
143,Coto-CvB(M),Coto,Low,Low,Medium,Medium,C,C,ehi,AG 3,,,,,,,,,,,,,,,,,,,,,,,,,,,,,,,
144,Cuchillas-CuF(A),Cuchillas,Very High,High,Medium,Low,L,R,eh,AG 3,,,,,,,,,,,,,,,,,,,,,,,,,,,,,,,
145,Cuchillas-CvF(A),Cuchillas,Very High,High,Medium,Low,L,R,eh,AG 3,,,,,,,,,,,,,,,,,,,,,,,,,,,,,,,
146,Cuchillas-CwF(M),Cuchillas,Very High,High,Medium,Low,L,R,eh,AG 3,,,,,,,,,,,,,,,,,,,,,,,,,,,,,,,
147,Cuyon-CyB(P),Cuyon,Medium,Very Low,Low,Medium,L,S,d,AG 1,,,,,,,,,,,,,,,,,,,,,,,,,,,,,,,
148,Daguao-DaC(H),Daguao,High,Medium,Medium,Low,C,C,ae,AG 3,,,,,,,,,,,,,,,,,,,,,,,,,,,,,,,
149,Daguao-DcE2(H),Daguao Variant,Medium,High,Medium,Low,C,C,ae,AG 3,,,,,,,,,,,,,,,,,,,,,,,,,,,,,,,
150,Daguey-DaC(SJ),Daguey,Medium,Medium,Very High,Low,C,C,ae,AG 3,,,,,,,,,,,,,,,,,,,,,,,,,,,,,,,
151,Daguey-DaD(P),Daguey,Medium,Medium,Very High,Low,C,C,ae,AG 3,,,,,,,,,,,,,,,,,,,,,,,,,,,,,,,
152,Daguey-DaD(SJ),Daguey,Medium,Medium,Very High,Low,C,C,ae,AG 3,,,,,,,,,,,,,,,,,,,,,,,,,,,,,,,
153,Daguey-DaD2(A),Daguey,Medium,Medium,Very High,Low,C,C,ae,AG 3,,,,,,,,,,,,,,,,,,,,,,,,,,,,,,,
154,Daguey-DaD2(M),Daguey,Medium,Medium,Very High,Low,C,C,dehi,AG 3,,,,,,,,,,,,,,,,,,,,,,,,,,,,,,,
155,Daguey-DaE2(M),Daguey,High,High,Very High,Low,C,C,dehi,AG 3,,,,,,,,,,,,,,,,,,,,,,,,,,,,,,,
156,Delicias-DcD2(M),Delicias,Medium,Medium,Very High,Medium,C,C,dehi,AG 3,,,,,,,,,,,,,,,,,,,,,,,,,,,,,,,
157,Descalabrado-DeC(L),Descalabrado,Medium,Medium,Medium,Very Low,L,R,None,AG 1,,,,,,,,,,,,,,,,,,,,,,,,,,,,,,,
158,Descalabrado-DeC(M),Descalabrado,High,Medium,Medium,Very Low,L,R,None,AG 2,,,,,,,,,,,,,,,,,,,,,,,,,,,,,,,
159,Descalabrado-DeC2(H),Descalabrado,High,Medium,Medium,Very Low,L,R,None,AG 2,,,,,,,,,,,,,,,,,,,,,,,,,,,,,,,
160,Descalabrado-DeD(L),Descalabrado,High,Medium,Medium,Very Low,L,R,None,AG 1,,,,,,,,,,,,,,,,,,,,,,,,,,,,,,,
161,Descalabrado-DeD(M),Descalabrado,High,Medium,Medium,Very Low,L,R,None,AG 2,,,,,,,,,,,,,,,,,,,,,,,,,,,,,,,
162,Descalabrado-DeE2(H),Descalabrado,Very High,High,Medium,Very Low,L,R,None,AG 2,,,,,,,,,,,,,,,,,,,,,,,,,,,,,,,
163,DescalabradoDeF(L),Descalabrado,Very High,High,Medium,Very Low,L,R,None,AG 1,,,,,,,,,,,,,,,,,,,,,,,,,,,,,,,
164,Descalabrado-DeF(M),Descalabrado,Very High,High,Medium,Very Low,L,R,None,AG 2,,,,,,,,,,,,,,,,,,,,,,,,,,,,,,,
165,Descalabrado-DeF(SJ),Descalabrado,Very High,High,Medium,Very Low,L,R,None,AG 2,,,,,,,,,,,,,,,,,,,,,,,,,,,,,,,
166,Descalabrado-DgF(SJ),Descalabrado,Very High,High,Medium,Very Low,L,R,None,AG 2,,,,,,,,,,,,,,,,,,,,,,,,,,,,,,,
167,Descalabrado-DgF2(H),Descalabrado,Very High,High,Medium,Very Low,L,R,None,AG 2,,,,,,,,,,,,,,,,,,,,,,,,,,,,,,,
168,Descalabrado-DrF(H),Descalabrado,Very High,High,Medium,Very Low,L,R,None,AG 2,,,,,,,,,,,,,,,,,,,,,,,,,,,,,,,
169,Dique-Dm(SJ),Dique,Very Low,Low,Low,High,L,L,None,AG 1,,,,,,,,,,,,,,,,,,,,,,,,,,,,,,,
170,Dique-Du(M),Dique,Very Low,Very Low,Low,High,L,L,None,AG 1,,,,,,,,,,,,,,,,,,,,,,,,,,,,,,,
171,Durados-Dr(SJ),Durados,Medium,Very Low,Low,High,L,S,e,AG 2,,,,,,,,,,,,,,,,,,,,,,,,,,,,,,,
172,Ensenada-EnC(P),Ensenada,Medium,Medium,Medium,Medium,C,C,bd,AG 1,,,,,,,,,,,,,,,,,,,,,,,,,,,,,,,
173,Espinal-Es(M),Espinal,Very Low,Very Low,Very Low,High,S,S,e,AG 2,,,,,,,,,,,,,,,,,,,,,,,,,,,,,,,
174,Espinosa-EaB(A),Espinosa,Medium,Low,Low,Medium,L,C,ae,AG 3,,,,,,,,,,,,,,,,,,,,,,,,,,,,,,,
175,Espinosa-EaC(A),Espinosa,Medium,Medium,Low,Medium,L,C,ae,AG 3,,,,,,,,,,,,,,,,,,,,,,,,,,,,,,,
176,Espinosa-EbB(A),Espinosa,Medium,Low,Medium,Medium,L,C,ae,AG 3,,,,,,,,,,,,,,,,,,,,,,,,,,,,,,,
177,Espinosa-EbC(A),Espinosa,Medium,Medium,Medium,Medium,L,C,ae,AG 3,,,,,,,,,,,,,,,,,,,,,,,,,,,,,,,
178,Espinosa-EcB(A),Espinosa,Medium,Low,Medium,Medium,L,C,ae,AG 3,,,,,,,,,,,,,,,,,,,,,,,,,,,,,,,
179,Espinosa-EcC(A),Espinosa,Medium,Medium,Medium,Medium,L,C,ae,AG 3,,,,,,,,,,,,,,,,,,,,,,,,,,,,,,,
180,Estacion-Es(SJ),Estacion,Very Low,Low,Medium,Medium,L,L,None,AG 2,,,,,,,,,,,,,,,,,,,,,,,,,,,,,,,
181,Fajardo-FaC(H),Fajardo,Medium,High,Medium,Low,C,C,g,AG 3,,,,,,,,,,,,,,,,,,,,,,,,,,,,,,,
182,Fajardo-FaC2(H),Fajardo,Medium,High,Medium,Low,C,C,g,AG 3,,,,,,,,,,,,,,,,,,,,,,,,,,,,,,,
183,Fe-Fe(L),Fe,Very Low,Medium,Medium,Very Low,C,C,dnv,AG 1,,,,,,,,,,,,,,,,,,,,,,,,,,,,,,,
184,Fe-Fe(P),Fe,Very Low,Medium,Medium,Very Low,C,C,dnv,AG 1,,,,,,,,,,,,,,,,,,,,,,,,,,,,,,,
185,Fortuna-Fo(H),Fortuna,Very Low,Low,Medium,High,C,C,gh,AG 2,,,,,,,,,,,,,,,,,,,,,,,,,,,,,,,
186,Fraternidad-FrA(H),Fraternidad,Low,Low,Low,Very Low,C,C,dv,AG 1,,,,,,,,,,,,,,,,,,,,,,,,,,,,,,,
187,Fraternidad-FrA(L),Fraternidad,Low,Low,Low,Very Low,C,C,dv,AG 1,,,,,,,,,,,,,,,,,,,,,,,,,,,,,,,
188,Fraternidad-FrB(H),Fraternidad,Medium,Medium,Low,Very Low,C,C,dv,AG 1,,,,,,,,,,,,,,,,,,,,,,,,,,,,,,,
189,Fraternidad-FrB(L),Fraternidad,Medium,Medium,Low,Very Low,C,C,dv,AG 1,,,,,,,,,,,,,,,,,,,,,,,,,,,,,,,
190,Fraternidad-Ft(L),Fraternidad,Very Low,Low,Low,Very Low,C,C,dv,AG 1,,,,,,,,,,,,,,,,,,,,,,,,,,,,,,,
191,Fraternidad-FtB(P),Fraternidad,Medium,Medium,Low,Very Low,C,C,dv,AG 1,,,,,,,,,,,,,,,,,,,,,,,,,,,,,,,
192,Fraternidad-FtC2(P),Fraternidad,Medium,High,Low,Very Low,C,C,dv,AG 1,,,,,,,,,,,,,,,,,,,,,,,,,,,,,,,
193,Fraternidad-FvA(L),Fraternidad,Low,Low,Low,Very Low,C,C,dv,AG 1,,,,,,,,,,,,,,,,,,,,,,,,,,,,,,,
194,Fraternidad-FvB(L),Fraternidad,Medium,Medium,Low,Very Low,C,C,dv,AG 1,,,,,,,,,,,,,,,,,,,,,,,,,,,,,,,
195,Garrochales-Ga(A),Garrochales,Medium,Very Low,Very Low,High,O,None,None,AG 4,,,,,,,,,,,,,,,,,,,,,,,,,,,,,,,
196,Guamani-Gm(H),Guamani,Very Low,Low,Medium,Medium,L,L,d,AG 1,,,,,,,,,,,,,,,,,,,,,,,,,,,,,,,
197,Guanabano-GoF(P),Guanabano,Very High,High,Medium,Low,C,C,bd,AG 1,,,,,,,,,,,,,,,,,,,,,,,,,,,,,,,
198,Guanajibo-GnC(M),Guanajibo,Medium,Low,Medium,Low,L,L,ae,AG 1,,,,,,,,,,,,,,,,,,,,,,,,,,,,,,,
199,Guanajibo-GoC(M),Guanajibo,Medium,Low,Medium,Low,L,L,ae,AG 1,,,,,,,,,,,,,,,,,,,,,,,,,,,,,,,
200,Guanica-Gc(L),Guanica,Very Low,Medium,Low,Very Low,C,C,gn,AG 1,,,,,,,,,,,,,,,,,,,,,,,,,,,,,,,
201,Guayabo-Gf(L),Guayabo,Low,Very Low,Very Low,High,S,S,bd,AG 1,,,,,,,,,,,,,,,,,,,,,,,,,,,,,,,
202,Guayabota-GvF(H),Guayabota,Very High,High,Medium,Very Low,L,R,ehg,AG 2 ,,,,,,,,,,,,,,,,,,,,,,,,,,,,,,,
203,Guayama-DgF2(H),Guayama,Very High,High,Medium,Very Low,L,R,d,AG 2,,,,,,,,,,,,,,,,,,,,,,,,,,,,,,,
204,Guayama-GuD(L),Guayama,High,Medium,Medium,Very Low,L,R,d,AG 1,,,,,,,,,,,,,,,,,,,,,,,,,,,,,,,
205,Guayama-GuF(L),Guayama,Very High,High,Medium,Very Low,L,R,d,AG 1,,,,,,,,,,,,,,,,,,,,,,,,,,,,,,,
206,Guayama-GuF(SJ),Guayama,Very High,High,Medium,Very Low,L,R,d,AG 2,,,,,,,,,,,,,,,,,,,,,,,,,,,,,,,
207,Guayama-GyC2(H),Guayama Variant,Medium,Medium,Medium,Medium,L,R,d,AG 3,,,,,,,,,,,,,,,,,,,,,,,,,,,,,,,
208,Guerrero-GeC(A),Guerrero,Medium,Low,Very Low,High,S,C,ae,AG 2,,,,,,,,,,,,,,,,,,,,,,,,,,,,,,,
209,Guerrero-GuB(M),Guerrero,Medium,Very Low,Very Low,High,S,C,ae,AG 2,,,,,,,,,,,,,,,,,,,,,,,,,,,,,,,
210,Humacao-Hm(SJ),Humacao,Medium,Low,Low,Medium,L,L,h,AG 2,,,,,,,,,,,,,,,,,,,,,,,,,,,,,,,
211,Humacao-HmB(H),Humacao,Medium,Very Low,Low,Medium,L,L,h,AG 2,,,,,,,,,,,,,,,,,,,,,,,,,,,,,,,
212,Humatas-HmD2(M),Humatas,Medium,Medium,High,Low,C,C,ae,AG 3,,,,,,,,,,,,,,,,,,,,,,,,,,,,,,,
213,Humatas-HmE(A),Humatas,High,High,High,Low,C,C,ae,AG 3,,,,,,,,,,,,,,,,,,,,,,,,,,,,,,,
214,Humatas-HmE2(M),Humatas,High,High,High,Low,C,C,ae,AG 3,,,,,,,,,,,,,,,,,,,,,,,,,,,,,,,
215,Humatas-HmE2(P),Humatas,High,High,High,Low,C,C,ae,AG 3,,,,,,,,,,,,,,,,,,,,,,,,,,,,,,,
216,Humatas-HmF(A),Humatas,High,High,High,Low,C,C,ae,AG 3,,,,,,,,,,,,,,,,,,,,,,,,,,,,,,,
217,Humatas-HmF2(M),Humatas,High,High,High,Low,C,C,ae,AG 3,,,,,,,,,,,,,,,,,,,,,,,,,,,,,,,
218,Humatas-HmF2(P),Humatas,High,High,High,Low,C,C,ae,AG 3,,,,,,,,,,,,,,,,,,,,,,,,,,,,,,,
219,Humatas-HtE(SJ),Humatas,High,High,High,Low,C,C,ae,AG 3,,,,,,,,,,,,,,,,,,,,,,,,,,,,,,,
220,Humatas-HtE2(H),Humatas,High,High,High,Low,C,C,ae,AG 3,,,,,,,,,,,,,,,,,,,,,,,,,,,,,,,
221,Humatas-HtF(SJ),Humatas,High,High,High,Low,C,C,ae,AG 3,,,,,,,,,,,,,,,,,,,,,,,,,,,,,,,
222,Humatas-HtF2(H),Humatas,High,High,High,Low,C,C,ae,AG 3,,,,,,,,,,,,,,,,,,,,,,,,,,,,,,,
223,HumatasHuE(M),Humatas,High,High,High,Low,C,C,ae,AG 3,,,,,,,,,,,,,,,,,,,,,,,,,,,,,,,
224,Humatas-HuF(H),Humatas,High,High,High,Low,C,C,ae,AG 3,,,,,,,,,,,,,,,,,,,,,,,,,,,,,,,
225,Humatas-HuF(SJ),Humatas,High,High,High,Low,C,C,ae,AG 3,,,,,,,,,,,,,,,,,,,,,,,,,,,,,,,
226,Humatas-HxF(P),Humatas,High,High,High,Low,C,C,ae,AG 3,,,,,,,,,,,,,,,,,,,,,,,,,,,,,,,
227,Igualdad-Ig(M),Igualdad,Medium,Low,Medium,High,C,C,g,AG 1,,,,,,,,,,,,,,,,,,,,,,,,,,,,,,,
228,Ingenio-InD(A),Ingenio,Medium,Medium,Medium,Medium,L,C,ae,AG 3 ,,,,,,,,,,,,,,,,,,,,,,,,,,,,,,,
229,Ingenio-InE(A),Ingenio,High,High,Medium,Medium,L,C,ae,AG 3,,,,,,,,,,,,,,,,,,,,,,,,,,,,,,,
230,Ingenio-InE2(H),Ingenio,High,High,Medium,Medium,L,C,ae,AG 3,,,,,,,,,,,,,,,,,,,,,,,,,,,,,,,
231,Islote-IsC(A),Islote,Medium,Low,Medium,Medium,L,C,h,AG 2,,,,,,,,,,,,,,,,,,,,,,,,,,,,,,,
232,Jacaguas-Jg(P),Jacaguas,Very Low,Very Low,Medium,Medium,L,L,bd,AG 1,,,,,,,,,,,,,,,,,,,,,,,,,,,,,,,
233,Jacana-JaB(H),Jacana,Low,Low,Medium,Very Low,C,C,d,AG 1,,,,,,,,,,,,,,,,,,,,,,,,,,,,,,,
234,Jacana-JaB(L),Jacana,Low,Low,Medium,Very Low,C,C,d,AG 1,,,,,,,,,,,,,,,,,,,,,,,,,,,,,,,
235,Jacana-JaC(L),Jacana,Medium,Medium,Medium,Very Low,C,C,d,AG 1,,,,,,,,,,,,,,,,,,,,,,,,,,,,,,,
236,Jacana-JaC(M),Jacana,Medium,Medium,Medium,Very Low,C,C,d,AG 1,,,,,,,,,,,,,,,,,,,,,,,,,,,,,,,
237,Jacana-JaC2(H),Jacana,Medium,Medium,Medium,Very Low,C,C,d,AG 1,,,,,,,,,,,,,,,,,,,,,,,,,,,,,,,
238,Jacana-JaC2(L),Jacana,Medium,Medium,Medium,Very Low,C,C,d,AG 1,,,,,,,,,,,,,,,,,,,,,,,,,,,,,,,
239,Jacana-JaD2(L),Jacana,High,Medium,Medium,Very Low,C,C,d,AG 1,,,,,,,,,,,,,,,,,,,,,,,,,,,,,,,
240,Jacana-JcB(L),Jacana,Low,Low,Medium,Very Low,C,C,d,AG 1,,,,,,,,,,,,,,,,,,,,,,,,,,,,,,,
241,Jacana-JcC(L),Jacana,Medium,Medium,Medium,Very Low,C,C,d,AG 1,,,,,,,,,,,,,,,,,,,,,,,,,,,,,,,
242,Jacana-JnC(P),Jacana,Medium,Medium,Medium,Very Low,C,C,d,AG 1,,,,,,,,,,,,,,,,,,,,,,,,,,,,,,,
243,Jagueyes-JaE2(SJ),Jagueyes,High,Medium,Medium,High,L,C,ae,AG 3,,,,,,,,,,,,,,,,,,,,,,,,,,,,,,,
244,Jagueyes-JgE2(H),Jagueyes,High,Medium,Medium,Medium,L,C,ae,AG 3,,,,,,,,,,,,,,,,,,,,,,,,,,,,,,,
245,Jareales-Ja(A),Jareales,Medium,Very Low,Medium,High,C,C,g,AG 1,,,,,,,,,,,,,,,,,,,,,,,,,,,,,,,
246,Jaucas-Jd(M),Jaucas,Very Low,Very Low,Very Low,High,S,S,bd,AG 1,,,,,,,,,,,,,,,,,,,,,,,,,,,,,,,
247,Jobos-JoB(M),Jobos,Medium,Very Low,Medium,Low,L,C,ae,AG 2,,,,,,,,,,,,,,,,,,,,,,,,,,,,,,,
248,Jobos-JoC(A),Jobos,Medium,Low,Medium,Low,L,C,ae,AG 2,,,,,,,,,,,,,,,,,,,,,,,,,,,,,,,
249,Juana Diaz-JzD(P),Juana Diaz,High,Medium,Medium,Medium,L,R,d,AG 1,,,,,,,,,,,,,,,,,,,,,,,,,,,,,,,
250,Juana Diaz-JzE(P),Juana Diaz,Very High,High,Medium,Medium,L,R,d,AG 1,,,,,,,,,,,,,,,,,,,,,,,,,,,,,,,
251,Juncal-JnD2(SJ),Juncal,High,Medium,Medium,Low,C,C,b,AG 1,,,,,,,,,,,,,,,,,,,,,,,,,,,,,,,
252,Juncal-JuD2(A),Juncal,High,Medium,Medium,Low,C,C,b,AG 1,,,,,,,,,,,,,,,,,,,,,,,,,,,,,,,
253,Juncal-JuD2(M),Juncal,High,Medium,Medium,Low,C,C,b,AG 1,,,,,,,,,,,,,,,,,,,,,,,,,,,,,,,
254,Juncal-JuE2(A),Juncal,Very High,High,Medium,Low,C,C,b,AG 1,,,,,,,,,,,,,,,,,,,,,,,,,,,,,,,
255,Juncos-JuC(SJ),Juncos,Medium,High,Low,Very Low,C,C,None,AG 2,,,,,,,,,,,,,,,,,,,,,,,,,,,,,,,
256,Juncos-JuD(SJ),Juncos,High,High,Low,Very Low,C,C,None,AG 2,,,,,,,,,,,,,,,,,,,,,,,,,,,,,,,
257,Junquitos-JuC(H),Junquitos,High,Medium,Medium,Low,L,C,gh,AG 2,,,,,,,,,,,,,,,,,,,,,,,,,,,,,,,
258,Lares-LaB(SJ),Lares,Medium,Low,Medium,Low,C,C,aeg,AG 3,,,,,,,,,,,,,,,,,,,,,,,,,,,,,,,
259,Lares-LaB2(M),Lares,Medium,Low,Medium,Low,C,C,aeg,AG 3,,,,,,,,,,,,,,,,,,,,,,,,,,,,,,,
260,Lares-LaC2(SJ),Lares,Medium,Medium,Medium,Low,C,C,aeg,AG 3,,,,,,,,,,,,,,,,,,,,,,,,,,,,,,,
261,Lares-LaD2(M),Lares,Medium,Medium,Medium,Low,C,C,aeg,AG 3,,,,,,,,,,,,,,,,,,,,,,,,,,,,,,,
262,Lares-LeC(P),Lares,Medium,Medium,Medium,Low,C,C,aeg,AG 3,,,,,,,,,,,,,,,,,,,,,,,,,,,,,,,
263,Limones-LeE2(H),Limones,High,High,High,Medium,C,C,aei,AG 3,,,,,,,,,,,,,,,,,,,,,,,,,,,,,,,
264,Limones-LmE(SJ),Limones,High,High,High,Medium,C,C,aei,AG 3,,,,,,,,,,,,,,,,,,,,,,,,,,,,,,,
265,Limones-LmF(SJ),Limones,High,High,High,Medium,C,C,aei,AG 3,,,,,,,,,,,,,,,,,,,,,,,,,,,,,,,
266,Lirios-LcE2(A),Lirios,High,High,Medium,Medium,L,C,ae,AG 3,,,,,,,,,,,,,,,,,,,,,,,,,,,,,,,
267,Lirios-LcF2(A),Lirios,High,High,Medium,Medium,L,C,ae,AG 3,,,,,,,,,,,,,,,,,,,,,,,,,,,,,,,
268,Lirios-LmF2(P),Lirios,High,High,Medium,High,L,C,ae,AG 3,,,,,,,,,,,,,,,,,,,,,,,,,,,,,,,
269,Lirios-LoC2(H),Lirios,Medium,Medium,Medium,High,L,C,ae,AG 3,,,,,,,,,,,,,,,,,,,,,,,,,,,,,,,
270,Lirios-LoF2(SJ),Lirios,High,High,Medium,High,L,C,ae,AG 3,,,,,,,,,,,,,,,,,,,,,,,,,,,,,,,
271,Lirios-LrE2(H),Lirios,High,High,Medium,High,L,C,ae,AG 3,,,,,,,,,,,,,,,,,,,,,,,,,,,,,,,
272,Llanos-LnB(P),Llanos,Low,Low,Medium,Low,C,C,d,AG 1,,,,,,,,,,,,,,,,,,,,,,,,,,,,,,,
273,Llanos-LnC2(P),Llanos,Medium,Medium,Medium,Low,C,C,d,AG 1,,,,,,,,,,,,,,,,,,,,,,,,,,,,,,,
274,Los Guineos-LgD(A),Los Guineos,High,Medium,High,Low,L,C,aei,AG 3,,,,,,,,,,,,,,,,,,,,,,,,,,,,,,,
275,Los Guineos-LgE(A),Los Guineos,High,High,High,Low,L,C,aei,AG 3,,,,,,,,,,,,,,,,,,,,,,,,,,,,,,,
276,Los Guineos-LgF(A),Los Guineos,High,High,High,Low,L,C,aei,AG 3,,,,,,,,,,,,,,,,,,,,,,,,,,,,,,,
277,Los Guineos-LME(A),Los Guineos,High,High,High,Low,L,C,aei,AG 3,,,,,,,,,,,,,,,,,,,,,,,,,,,,,,,
278,Los Guineos-LsD(H),Los Guineos,High,Medium,Medium,Low,L,C,aei,AG 3,,,,,,,,,,,,,,,,,,,,,,,,,,,,,,,
279,Los Guineos-LsE(SJ),Los Guineos,High,High,High,Low,L,C,aei,AG 3,,,,,,,,,,,,,,,,,,,,,,,,,,,,,,,
280,Los Guineos-LsE2(H),Los Guineos,High,High,Medium,Low,L,C,aei,AG 3,,,,,,,,,,,,,,,,,,,,,,,,,,,,,,,
281,Los Guineos-LsF(SJ),Los Guineos,High,High,High,Low,L,C,aei,AG 3,,,,,,,,,,,,,,,,,,,,,,,,,,,,,,,
282,Los Guineos-LsF2(H),Los Guineos,High,High,Medium,Low,L,C,aei,AG 3,,,,,,,,,,,,,,,,,,,,,,,,,,,,,,,
283,Los Guineos-LuD2(M),Los Guineos,High,Medium,High,Low,L,C,aei,AG 3,,,,,,,,,,,,,,,,,,,,,,,,,,,,,,,
284,Los Guineos-LuE(P),Los Guineos,High,High,High,Low,L,C,aei,AG 3,,,,,,,,,,,,,,,,,,,,,,,,,,,,,,,
285,Los Guineos-LuF(P),Los Guineos,High,High,High,Low,L,C,aei,AG 3,,,,,,,,,,,,,,,,,,,,,,,,,,,,,,,
286,Los Guineos-LuF2(M),Los Guineos,High,High,High,Low,L,C,aei,AG 3,,,,,,,,,,,,,,,,,,,,,,,,,,,,,,,
287,Los GuineosLyF(H),Los Guineos,Very High,High,Medium,Low,L,C,aei,AG 3,,,,,,,,,,,,,,,,,,,,,,,,,,,,,,,
288,Los Guineos-LyFX(P),Los Guineos/Maricao,High,High,High,Low,L,C,aei,AG 3,,,,,,,,,,,,,,,,,,,,,,,,,,,,,,,
289,Los Guineos-LzFX(P),Los Guineos/Maricao,Very High,High,High,Low,L,C,aei,AG 3,,,,,,,,,,,,,,,,,,,,,,,,,,,,,,,
290,Mabi-MaA(SJ),Mabi,Low,Low,Low,Very Low,C,C,None,AG 1,,,,,,,,,,,,,,,,,,,,,,,,,,,,,,,
291,Mabi-MaB(H),Mabi,Medium,Medium,Low,Very Low,C,C,None,AG 1,,,,,,,,,,,,,,,,,,,,,,,,,,,,,,,
292,Mabi-MaB(M),Mabi,Medium,Medium,Low,Very Low,C,C,None,AG 1,,,,,,,,,,,,,,,,,,,,,,,,,,,,,,,
293,Mabi-MaB(SJ),Mabi,Medium,Medium,Low,Very Low,C,C,None,AG 1,,,,,,,,,,,,,,,,,,,,,,,,,,,,,,,
294,Mabi-MaC(SJ),Mabi,Medium,High,Low,Very Low,C,C,None,AG 1,,,,,,,,,,,,,,,,,,,,,,,,,,,,,,,
295,Mabi-MaC2(H),Mabi,Medium,High,Low,Very Low,C,C,None,AG 1,,,,,,,,,,,,,,,,,,,,,,,,,,,,,,,
296,Mabi-MaC2(M),Mabi,Medium,High,Low,Very Low,C,C,None,AG 1,,,,,,,,,,,,,,,,,,,,,,,,,,,,,,,
297,Mabi-MaD2(H),Mabi,High,High,Low,Very Low,C,C,None,AG 1,,,,,,,,,,,,,,,,,,,,,,,,,,,,,,,
298,Machete-McA(H),Machete,Low,Very Low,Medium,Low,L,L,dh,AG 2,,,,,,,,,,,,,,,,,,,,,,,,,,,,,,,
299,Machete-McB(H),Machete,Medium,Very Low,Medium,Low,L,L,dh,AG 2,,,,,,,,,,,,,,,,,,,,,,,,,,,,,,,
300,Machuelo-Ma(P),Machuelo,Very Lowow,Low,High,High,C,C,bg,AG 1,,,,,,,,,,,,,,,,,,,,,,,,,,,,,,,
301,Maguayo-AmB(L),Maguayo*,Low,Low,Medium,High,L,C,d,AG 1,,,,,,,,,,,,,,,,,,,,,,,,,,,,,,,
302,Maguayo-AmC2(L),Maguayo*,Medium,Medium,Medium,High,L,C,d,AG 1,,,,,,,,,,,,,,,,,,,,,,,,,,,,,,,
303,Malaya-McF2(M),Malaya,Very High,High,Medium,Very Low,C,R,None,AG 2,,,,,,,,,,,,,,,,,,,,,,,,,,,,,,,
304,Malaya-MlF(SJ),Malaya,Very High,High,Medium,Very Low,C,R,None,AG 2,,,,,,,,,,,,,,,,,,,,,,,,,,,,,,,
305,Maleza-MdB(M),Maleza,Low,Very Low,Very Low,Medium,L,C,ae,AG 2,,,,,,,,,,,,,,,,,,,,,,,,,,,,,,,
306,Mani-Mh(M),Mani,Very Low,Very Low,Medium,High,C,C,g,AG 1,,,,,,,,,,,,,,,,,,,,,,,,,,,,,,,
307,Mani-Mn(M),Mani,Very Low,Very Low,Medium,High,C,C,g,AG 1,,,,,,,,,,,,,,,,,,,,,,,,,,,,,,,
308,Maraguez-MaF2(A),Maraguez,Very High,High,Medium,Medium,L,L,None,AG 2,,,,,,,,,,,,,,,,,,,,,,,,,,,,,,,
309,Maraguez-MeF2(P),Maraguez,Very High,High,Medium,Medium,L,L,None,AG 2,,,,,,,,,,,,,,,,,,,,,,,,,,,,,,,
310,Maresua-MoD2(M),Maresua,High,Low,Medium,Medium,L,L,None,AG 2,,,,,,,,,,,,,,,,,,,,,,,,,,,,,,,
311,Maresua-MoF2(M),Maresua,High,Medium,Medium,Medium,L,L,None,AG 2,,,,,,,,,,,,,,,,,,,,,,,,,,,,,,,
312,Mariana-MaD2(L),Mariana,Very High,Low,Medium,Low,L,C,dh,AG 2,,,,,,,,,,,,,,,,,,,,,,,,,,,,,,,
313,Mariana-MaE2(L),Mariana,Very High,Medium,Medium,Low,L,C,dh,AG 2,,,,,,,,,,,,,,,,,,,,,,,,,,,,,,,
314,Mariana-MpD2(M),Mariana,High,Low,Medium,Low,L,C,dh,AG 2,,,,,,,,,,,,,,,,,,,,,,,,,,,,,,,
315,Mariana-MpE2(M),Mariana,Very High,Medium,Medium,Low,L,C,dh,AG 2,,,,,,,,,,,,,,,,,,,,,,,,,,,,,,,
316,Maricao-LyFX(P),Maricao,High,High,High,High,C,C,ae,AG 3,,,,,,,,,,,,,,,,,,,,,,,,,,,,,,,
317,Maricao-McF(A),Maricao,High,High,Medium,High,C,C,ae,AG 3,,,,,,,,,,,,,,,,,,,,,,,,,,,,,,,
318,Maricao-MkF2(P),Maricao,High,High,Medium,High,C,C,ae,AG 3,,,,,,,,,,,,,,,,,,,,,,,,,,,,,,,
319,Maricao-MoF(SJ),Maricao,High,High,Medium,High,C,C,ae,AG 3,,,,,,,,,,,,,,,,,,,,,,,,,,,,,,,
320,Maricao-MrF2(M),Maricao,High,High,Medium,High,C,C,ae,AG 3,,,,,,,,,,,,,,,,,,,,,,,,,,,,,,,
321,Martin Pena-Mp(SJ),Martin Pena,Very Low,Very Low,Very Low,High,L,L,g,AG 4,,,,,,,,,,,,,,,,,,,,,,,,,,,,,,,
322,Matanzas-MmF(A),Matanzas,Low,Low,Very High,Medium,C,C,ei,AG 3,,,,,,,,,,,,,,,,,,,,,,,,,,,,,,,
323,Matanzas-MnB(A),Matanzas,Low,Low,Very High,Medium,C,C,ei,AG 3,,,,,,,,,,,,,,,,,,,,,,,,,,,,,,,
324,Matanzas-MsB(M),Matanzas,Low,Low,Very High,Medium,C,C,ei,AG 3,,,,,,,,,,,,,,,,,,,,,,,,,,,,,,,
325,Matanzas-MsB(SJ),Matanzas,Low,Low,Very High,Medium,C,C,ei,AG 3,,,,,,,,,,,,,,,,,,,,,,,,,,,,,,,
326,Matanzas-MtB(M),Matanzas,Low,Low,Very High,Medium,C,C,ei,AG 3,,,,,,,,,,,,,,,,,,,,,,,,,,,,,,,
327,Maunabo-Me(H),Maunabo,Very Low,Low,Medium,High,C,C,gh,AG 1,,,,,,,,,,,,,,,,,,,,,,,,,,,,,,,
328,Mayo-MlC(H),Mayo,Medium,Medium,Low,Medium,L,L,eh,AG 2,,,,,,,,,,,,,,,,,,,,,,,,,,,,,,,
329,Meros-Mr(P),Meros,Very Low,Very Low,Very Low,High,S,S,ed,AG 2,,,,,,,,,,,,,,,,,,,,,,,,,,,,,,,
330,Meros-MrB(H),Meros,Very Low,Low,Very Low,High,S,S,ed,AG 2,,,,,,,,,,,,,,,,,,,,,,,,,,,,,,,
331,Moca-MoC2(A),Moca,Medium,Medium,Medium,Very Low,C,C,ae,AG 3,,,,,,,,,,,,,,,,,,,,,,,,,,,,,,,
332,Moca-MoD2(A),Moca,High,Medium,Medium,Very Low,C,C,ae,AG 3,,,,,,,,,,,,,,,,,,,,,,,,,,,,,,,
333,Moca-MoE2(A),Moca,Very High,High,Medium,Very Low,C,C,ae,AG 3,,,,,,,,,,,,,,,,,,,,,,,,,,,,,,,
334,Moca-MuC2(M),Moca,Medium,Medium,Medium,Very Low,C,C,ae,AG 3,,,,,,,,,,,,,,,,,,,,,,,,,,,,,,,
335,Moca-MuD2(M),Moca,High,Medium,Medium,Very Low,C,C,ae,AG 3,,,,,,,,,,,,,,,,,,,,,,,,,,,,,,,
336,Moca-MuD3(M),Moca,High,Medium,Medium,Very Low,C,C,ae,AG 3,,,,,,,,,,,,,,,,,,,,,,,,,,,,,,,
337,Moca-MuE3(M),Moca,Very High,High,Medium,Very Low,C,C,ae,AG 3,,,,,,,,,,,,,,,,,,,,,,,,,,,,,,,
338,Montegrande-MsC(P),Montegrande,Medium,Medium,Low,High,C,C,None,AG 1,,,,,,,,,,,,,,,,,,,,,,,,,,,,,,,
339,Montegrande-MtB(SJ),Montegrande,Medium,Low,Low,High,C,C,None,AG 1,,,,,,,,,,,,,,,,,,,,,,,,,,,,,,,
340,Montegrande-MtC(SJ),Montegrande,Medium,Medium,Low,High,C,C,None,AG 1,,,,,,,,,,,,,,,,,,,,,,,,,,,,,,,
341,Montegrande-MvC(M),Montegrande,Medium,Medium,Low,High,C,C,None,AG 1,,,,,,,,,,,,,,,,,,,,,,,,,,,,,,,
342,Morado-MpF2(A),Morado,Very High,High,Medium,Low,L,L,None,AG 2,,,,,,,,,,,,,,,,,,,,,,,,,,,,,,,
343,Morado-MtE2(P),Morado,Very High,High,Medium,Low,L,L,None,AG 2,,,,,,,,,,,,,,,,,,,,,,,,,,,,,,,
344,Morado-MtF2(P),Morado,Very High,High,Medium,Low,L,L,None,AG 2,,,,,,,,,,,,,,,,,,,,,,,,,,,,,,,
345,Morado-MuF2(SJ),Morado,Very High,High,Medium,Low,L,L,None,AG 2,,,,,,,,,,,,,,,,,,,,,,,,,,,,,,,
346,Morado-MwD2(M),Morado,High,Medium,Medium,Low,L,L,None,AG 2,,,,,,,,,,,,,,,,,,,,,,,,,,,,,,,
347,Morado-MwE2(M),Morado,Very High,High,Medium,Low,L,L,None,AG 2,,,,,,,,,,,,,,,,,,,,,,,,,,,,,,,
348,Morado-MwF2(M),Morado,Very High,High,Medium,Low,L,L,None,AG 2,,,,,,,,,,,,,,,,,,,,,,,,,,,,,,,
349,Mucara-MuD2(H),Mucara,High,Low,Medium,Very Low,L,C,None,AG 2,,,,,,,,,,,,,,,,,,,,,,,,,,,,,,,
350,Mucara-MuD2(P),Mucara,High,Medium,Medium,Very Low,L,C,None,AG 2,,,,,,,,,,,,,,,,,,,,,,,,,,,,,,,
351,Mucara-MuE(A),Mucara,Very High,High,Medium,Very Low,L,C,None,AG 2,,,,,,,,,,,,,,,,,,,,,,,,,,,,,,,
352,Mucara-MuE2(H),Mucara,Very High,High,Medium,Very Low,L,C,None,AG 2,,,,,,,,,,,,,,,,,,,,,,,,,,,,,,,
353,Mucara-MuE2(P),Mucara,Very High,High,Medium,Very Low,L,C,None,AG 2,,,,,,,,,,,,,,,,,,,,,,,,,,,,,,,
354,Mucara-MuF(A),Mucara,Very High,High,Medium,Very Low,L,C,None,AG 2,,,,,,,,,,,,,,,,,,,,,,,,,,,,,,,
355,Mucara-MuF2(P),Mucara,Very High,High,Medium,Very Low,L,C,None,AG 2,,,,,,,,,,,,,,,,,,,,,,,,,,,,,,,
356,Mucara-MxC(M),Mucara,Medium,Medium,Medium,Very Low,L,C,None,AG 2,,,,,,,,,,,,,,,,,,,,,,,,,,,,,,,
357,Mucara-MxD(SJ),Mucara,High,Medium,Medium,Very Low,L,C,None,AG 2,,,,,,,,,,,,,,,,,,,,,,,,,,,,,,,
358,Mucara-MxD2(M),Mucara,High,Medium,Medium,Very Low,L,C,None,AG 2,,,,,,,,,,,,,,,,,,,,,,,,,,,,,,,
359,Mucara-MxE(SJ),Mucara,Very High,High,Medium,Very Low,L,C,None,AG 2,,,,,,,,,,,,,,,,,,,,,,,,,,,,,,,
360,Mucara-MxE2(M),Mucara,Very High,High,Medium,Very Low,L,C,None,AG 2,,,,,,,,,,,,,,,,,,,,,,,,,,,,,,,
361,Mucara-MxF(SJ),Mucara,Very High,High,Medium,Very Low,L,C,None,AG 2,,,,,,,,,,,,,,,,,,,,,,,,,,,,,,,
362,Mucara-MxF2(M),Mucara,Very High,High,Medium,Very Low,L,C,None,AG 2,,,,,,,,,,,,,,,,,,,,,,,,,,,,,,,
363,Naranjito-NaD2(SJ),Naranjito,High,Medium,Medium,Medium,L,C,ae,AG 3,,,,,,,,,,,,,,,,,,,,,,,,,,,,,,,
364,Naranjito-NaE2(H),Naranjito,High,High,Medium,Medium,L,C,ae,AG 3,,,,,,,,,,,,,,,,,,,,,,,,,,,,,,,
365,Naranjito-NaE2(SJ),Naranjito,High,High,Medium,Low,L,C,ae,AG 3,,,,,,,,,,,,,,,,,,,,,,,,,,,,,,,
366,Naranjito-NaF2(H),Naranjito,High,High,Medium,Medium,L,C,ae,AG 3,,,,,,,,,,,,,,,,,,,,,,,,,,,,,,,
367,Naranjito-NaF2(SJ),Naranjito,High,High,Medium,Medium,L,C,ae,AG 3,,,,,,,,,,,,,,,,,,,,,,,,,,,,,,,
368,Naranjo-NaD(A),Naranjo,Very High,High,Low,Low,C,C,b,AG 1,,,,,,,,,,,,,,,,,,,,,,,,,,,,,,,
369,Naranjo-NaD(M),Naranjo,High,High,Low,Low,C,C,b,AG 1,,,,,,,,,,,,,,,,,,,,,,,,,,,,,,,
370,Naranjo-NaE(A),Naranjo,Very High,Very High,Low,Low,C,C,b,AG 1,,,,,,,,,,,,,,,,,,,,,,,,,,,,,,,
371,Naranjo-NaF(A),Naranjo,Very High,Very High,Low,Low,C,C,b,AG 1,,,,,,,,,,,,,,,,,,,,,,,,,,,,,,,
372,Nipe-NcD2(M),Nipe,Medium,Low,Very High,Medium,C,C,hei,AG 3,,,,,,,,,,,,,,,,,,,,,,,,,,,,,,,
373,Palmarejo-PaA(L),Palmarejo,Low,Very Low,Low,Low,L,C,ade,AG 1,,,,,,,,,,,,,,,,,,,,,,,,,,,,,,,
374,Palmarejo-PaB(L),Palmarejo,Low,Low,Low,Low,L,C,ade,AG 1,,,,,,,,,,,,,,,,,,,,,,,,,,,,,,,
375,Palmarejo-PaC2(L),Palmarejo,Medium,Medium,Low,Low,L,C,ade,AG 1,,,,,,,,,,,,,,,,,,,,,,,,,,,,,,,
376,Palmarejo-PaC2(M),Palmarejo,Medium,Medium,Medium,Low,L,C,ade,AG 1,,,,,,,,,,,,,,,,,,,,,,,,,,,,,,,
377,Palmar-Pa(A),Palmar,Very Low,Very Low,Very Low,High,O,None,None,AG 4,,,,,,,,,,,,,,,,,,,,,,,,,,,,,,,
378,Pandura-PaD(SJ),Pandura,High,Low,Low,Very Low,L,R,eh,AG 2,,,,,,,,,,,,,,,,,,,,,,,,,,,,,,,
379,Pandura-PaE(SJ),Pandura,Very High,Medium,Low,Very Low,L,R,eh,AG 2,,,,,,,,,,,,,,,,,,,,,,,,,,,,,,,
380,Pandura-PaE2(H),Pandura,Very High,Medium,Low,Very Low,L,R,eh,AG 2,,,,,,,,,,,,,,,,,,,,,,,,,,,,,,,
381,Pandura-PaF(SJ),Pandura,Very High,Medium,Low,Very Low,L,R,eh,AG 2,,,,,,,,,,,,,,,,,,,,,,,,,,,,,,,
382,Pandura-PaF2(H),Pandura,Very High,Medium,Low,Very Low,L,R,eh,AG 2,,,,,,,,,,,,,,,,,,,,,,,,,,,,,,,
383,Pandura-PdF(H),Pandura,Very High,Medium,Low,Very Low,L,R,eh,AG 2,,,,,,,,,,,,,,,,,,,,,,,,,,,,,,,
384,Parcelas-PeC2(H),Parcelas,Medium,Medium,Medium,Very Low,C,C,h,AG 2,,,,,,,,,,,,,,,,,,,,,,,,,,,,,,,
385,Paso Seco-PaB(P),Paso Seco,Medium,Medium,Medium,Very Low,C,C,dv,AG 1,,,,,,,,,,,,,,,,,,,,,,,,,,,,,,,
386,Paso Seco-PlB(H),Paso Seco,Medium,Medium,Medium,Very Low,C,C,dv,AG 1,,,,,,,,,,,,,,,,,,,,,,,,,,,,,,,
387,Patillas-PmD2(H),Patillas,High,Medium,Medium,Medium,L,C,ae,AG 2,,,,,,,,,,,,,,,,,,,,,,,,,,,,,,,
388,Patillas-PmE2(H),Patillas,Very High,High,Medium,Medium,L,C,ae,AG 2,,,,,,,,,,,,,,,,,,,,,,,,,,,,,,,
389,Pellejas-PeF(A),Pellejas,Very High,Medium,Medium,Medium,L,R,eh,AG 2,,,,,,,,,,,,,,,,,,,,,,,,,,,,,,,
390,Pellejas-PeF(SJ),Pellejas,Very High,Medium,Medium,High,L,R,eh,AG 2,,,,,,,,,,,,,,,,,,,,,,,,,,,,,,,
391,Pellejas-PeF2(P),Pellejas,Very High,Medium,Medium,Medium,L,R,eh,AG 2,,,,,,,,,,,,,,,,,,,,,,,,,,,,,,,
392,Perchas-PeD2(M),Perchas,High,High,Medium,Very Low,L,R,eh,AG 2,,,,,,,,,,,,,,,,,,,,,,,,,,,,,,,
393,Perchas-PhC2(A),Perchas,Medium,High,Medium,Very Low,C,C,gh,AG 2,,,,,,,,,,,,,,,,,,,,,,,,,,,,,,,
394,Perchas-PhD2(A),Perchas,High,High,Medium,Very Low,C,C,gh,AG 2,,,,,,,,,,,,,,,,,,,,,,,,,,,,,,,
395,Picacho-GvF(H),Picacho,Very High,High,Medium,Low,L,R,ehg,AG 2,,,,,,,,,,,,,,,,,,,,,,,,,,,,,,,
396,Plata-PlE2(M),Plata,Very High,High,Medium,Medium,C,C,None,AG 2,,,,,,,,,,,,,,,,,,,,,,,,,,,,,,,
397,Plata-PlF2(M),Plata,Very High,High,Medium,Medium,C,C,None,AG 2,,,,,,,,,,,,,,,,,,,,,,,,,,,,,,,
398,Poncena-PcB(L),Poncena,Medium,Medium,Medium,Very Low,C,C,dbv,AG 1,,,,,,,,,,,,,,,,,,,,,,,,,,,,,,,
399,Poncena-PcC2(L),Poncena,High,High,Medium,Very Low,C,C,dbv,AG 1,,,,,,,,,,,,,,,,,,,,,,,,,,,,,,,
400,Poncena-Po(H),Poncena,Low,Low,Medium,Very Low,C,C,dbv,AG 1,,,,,,,,,,,,,,,,,,,,,,,,,,,,,,,
401,Pozo Blanco-PoA(L),Pozo Blanco,Low,Low,Medium,Medium,L,R,bd,AG 1,,,,,,,,,,,,,,,,,,,,,,,,,,,,,,,
402,Pozo Blanco-PrC2(H),Pozo Blanco,Medium,Medium,High,Medium,L,R,bd,AG 1,,,,,,,,,,,,,,,,,,,,,,,,,,,,,,,
403,Pozo Blanco-PzB(L),Pozo Blanco,Medium,Low,High,Medium,L,R,bd,AG 1,,,,,,,,,,,,,,,,,,,,,,,,,,,,,,,
404,Pozo Blanco-PzC(L),Pozo Blanco,Medium,Medium,High,Medium,L,R,bd,AG 1,,,,,,,,,,,,,,,,,,,,,,,,,,,,,,,
405,Pozo Blanco-PzD(L),Pozo Blanco,High,Medium,High,Medium,L,R,bd,AG 1,,,,,,,,,,,,,,,,,,,,,,,,,,,,,,,
406,Quebrada-QeD2(P),Quebrada,High,Medium,Medium,Low,C,C,None,AG 2,,,,,,,,,,,,,,,,,,,,,,,,,,,,,,,
407,Quebrada-QeE2(P),Quebrada,Very High,High,Medium,Low,C,C,None,AG 2,,,,,,,,,,,,,,,,,,,,,,,,,,,,,,,
408,Quebrada-QeF2(P),Quebrada,Very High,High,Medium,Low,C,C,None,AG 2,,,,,,,,,,,,,,,,,,,,,,,,,,,,,,,
409,Quebrada-QuD2(M),Quebrada,High,Medium,Medium,Low,C,C,None,AG 2,,,,,,,,,,,,,,,,,,,,,,,,,,,,,,,
410,Quebrada-QuE2(M),Quebrada,Very High,High,Medium,Low,C,C,None,AG 2,,,,,,,,,,,,,,,,,,,,,,,,,,,,,,,
411,Quebrada-QuF2(M),Quebrada,Very High,High,Medium,Low,C,C,None,AG 2,,,,,,,,,,,,,,,,,,,,,,,,,,,,,,,
412,Reilly-Re(A),Reilly,Very Low,Very Low,Low,High,S,S,e,AG 2,,,,,,,,,,,,,,,,,,,,,,,,,,,,,,,
413,Reilly-Re(H),Reilly,Very Low,Very Low,Low,High,S,S,e,AG 2,,,,,,,,,,,,,,,,,,,,,,,,,,,,,,,
414,Reilly-Re(M),Reilly,Very Low,Very Low,Low,High,S,S,e,AG 2,,,,,,,,,,,,,,,,,,,,,,,,,,,,,,,
415,Reilly-Re(P),Reilly,Very Low,Very Low,Low,High,S,S,e,AG 2,,,,,,,,,,,,,,,,,,,,,,,,,,,,,,,
416,Reilly-Re(SJ),Reilly,Very Low,Very Low,Low,High,S,S,e,AG 2,,,,,,,,,,,,,,,,,,,,,,,,,,,,,,,
417,Reparada-Rp(H),Reparada,Very Low,Very Low,Medium,High,C,C,bg,AG 1,,,,,,,,,,,,,,,,,,,,,,,,,,,,,,,
418,Rio Arriba-RoB(SJ),Rio Arriba,Medium,Low,Medium,Very Low,C,C,None,AG 1,,,,,,,,,,,,,,,,,,,,,,,,,,,,,,,
419,Rio Arriba-RoC2(SJ),Rio Arriba,Medium,Medium,Medium,Very Low,C,C,None,AG 1,,,,,,,,,,,,,,,,,,,,,,,,,,,,,,,
420,Rio Arriba-RrB(H),Rio Arriba,Medium,Low,Medium,Very Low,C,C,None,AG 1,,,,,,,,,,,,,,,,,,,,,,,,,,,,,,,
421,Rio Arriba-RrC2(H),Rio Arriba,Medium,Medium,Medium,Very Low,C,C,None,AG 1,,,,,,,,,,,,,,,,,,,,,,,,,,,,,,,
422,Rio Lajas-RlB(M),Rio Lajas,Low,Very Low,Very Low,High,S,L,e,AG 1,,,,,,,,,,,,,,,,,,,,,,,,,,,,,,,
423,Rio Lajas-RlC(A),Rio Lajas,Medium,Very Low,Very Low,High,S,L,e,AG 1,,,,,,,,,,,,,,,,,,,,,,,,,,,,,,,
424,Rio Piedras-RpC2(M),Rio Piedras,Medium,Medium,High,High,C,C,ae,AG 3,,,,,,,,,,,,,,,,,,,,,,,,,,,,,,,
425,Rio Piedras-RpD2(M),Rio Piedras,High,Medium,High,High,C,C,ae,AG 3,,,,,,,,,,,,,,,,,,,,,,,,,,,,,,,
426,Rio Piedras-RpD2(SJ),Rio Piedras,High,Medium,High,Medium,C,C,ae,AG 3,,,,,,,,,,,,,,,,,,,,,,,,,,,,,,,
427,Rio Piedras-RpE2(SJ),Rio Piedras,High,High,High,Medium,C,C,ae,AG 3,,,,,,,,,,,,,,,,,,,,,,,,,,,,,,,
428,Rio Piedras-RpF2(SJ),Rio Piedras,High,High,High,Medium,C,C,ae,AG 3,,,,,,,,,,,,,,,,,,,,,,,,,,,,,,,
429,Rosario-RsD2(M),Rosario,High,Medium,Very High,Low,C,C,ehi,AG 3,,,,,,,,,,,,,,,,,,,,,,,,,,,,,,,
430,Rosario-RsE2(M),Rosario,Very High,High,Very High,Low,C,C,ehi,AG 3,,,,,,,,,,,,,,,,,,,,,,,,,,,,,,,
431,Rosario-RsF2(M),Rosario,Very High,High,Very High,Low,C,C,ehi,AG 3,,,,,,,,,,,,,,,,,,,,,,,,,,,,,,,
432,Sabana Seca-SaB(A),Sabana Seca,Medium,Medium,Medium,High,C,C,gh,AG 2,,,,,,,,,,,,,,,,,,,,,,,,,,,,,,,
433,Sabana Seca-ScB(SJ),Sabana Seca,Medium,High,Medium,High,C,C,gh,AG 2,,,,,,,,,,,,,,,,,,,,,,,,,,,,,,,
434,Sabana-SaE2(H),Sabana,Very High,High,Medium,Very Low,L,R,eh,AG 2,,,,,,,,,,,,,,,,,,,,,,,,,,,,,,,
435,Sabana-SaF(SJ),Sabana,Very High,High,Medium,Very Low,L,R,eh,AG 2,,,,,,,,,,,,,,,,,,,,,,,,,,,,,,,
436,Sabana-SaF2(H),Sabana,Very High,High,Medium,Very Low,L,R,eh,AG 2,,,,,,,,,,,,,,,,,,,,,,,,,,,,,,,
437,Saladar-Sm(SJ),Saladar,Very Low,Low,Very Low,High,O,None,None,AG 4,,,,,,,,,,,,,,,,,,,,,,,,,,,,,,,
438,San Anton-Sa(L),San Anton,Low,Very Low,Medium,Medium,L,L,d,AG 1,,,,,,,,,,,,,,,,,,,,,,,,,,,,,,,
439,San Anton-Sa(P),San Anton,Low,Very Low,Medium,Medium,L,L,d,AG 1,,,,,,,,,,,,,,,,,,,,,,,,,,,,,,,
440,San Anton-Sc(L),San Anton,Low,Very Low,Medium,Medium,L,L,d,AG 1,,,,,,,,,,,,,,,,,,,,,,,,,,,,,,,
441,San Anton-Se(L),San Anton Varia,Low,Very Low,Medium,Medium,L,L,d,AG 1,,,,,,,,,,,,,,,,,,,,,,,,,,,,,,,
442,San German-RsF(A),San German,Very High,Medium,High,Very Low,L,R,bd,AG 2,,,,,,,,,,,,,,,,,,,,,,,,,,,,,,,
443,San German-SaD(M),San German,High,Low,High,Very Low,L,R,bd,AG 2,,,,,,,,,,,,,,,,,,,,,,,,,,,,,,,
444,San German-SaE(M),San German,Very High,Medium,High,Very Low,L,R,bd,AG 2,,,,,,,,,,,,,,,,,,,,,,,,,,,,,,,
445,San German-ScB(M),San German,Medium,Very Low,Medium,Very Low,L,R,bd,AG 2,,,,,,,,,,,,,,,,,,,,,,,,,,,,,,,
446,San German-SgD(A),San German,High,Low,High,Very Low,L,R,bd,AG 2,,,,,,,,,,,,,,,,,,,,,,,,,,,,,,,
447,San German-SgD(L),San German,High,Low,Medium,Very Low,L,R,bd,AG 2,,,,,,,,,,,,,,,,,,,,,,,,,,,,,,,
448,San German-SgF(A),San German,Very High,Medium,High,Very Low,L,R,bd,AG 2,,,,,,,,,,,,,,,,,,,,,,,,,,,,,,,
449,San German-SgF(L),San German,Very High,Medium,Medium,Very Low,L,R,bd,AG 2,,,,,,,,,,,,,,,,,,,,,,,,,,,,,,,
450,San German-SmE(L),San German,Very High,Medium,High,Medium,L,R,bd,AG 2,,,,,,,,,,,,,,,,,,,,,,,,,,,,,,,
451,San Sebastian-SdF2(M),San Sebastian,Very High,High,Very High,High,C,C,b,AG 1,,,,,,,,,,,,,,,,,,,,,,,,,,,,,,,
452,San Sebastian-SmF(A),San Sebastian,Very High,High,Very High,High,C,C,b,AG 1,,,,,,,,,,,,,,,,,,,,,,,,,,,,,,,
453,Santa Clara-SeB(M),Santa Clara,Medium,Low,Medium,Low,C,C,b,AG 1,,,,,,,,,,,,,,,,,,,,,,,,,,,,,,,
454,Santa Clara-SnC(A),Santa Clara,Medium,Low,Medium,Low,C,C,b,AG 1,,,,,,,,,,,,,,,,,,,,,,,,,,,,,,,
455,Santa Isabel-Sn(L),Santa Isabel,Low,Medium,Low,Very Low,C,C,dv,AG 1,,,,,,,,,,,,,,,,,,,,,,,,,,,,,,,
456,Santa Marta-SmE2(M),Santa Marta,Very High,High,Very High,Low,C,C,eh,AG 2,,,,,,,,,,,,,,,,,,,,,,,,,,,,,,,
457,Santoni-Sn(M),Santoni,Very Low,Low,Medium,High,C,C,bg,AG 1,,,,,,,,,,,,,,,,,,,,,,,,,,,,,,,
458,Serrano-Se(P),Serrano,Very Low,Very Low,Very Low,High,S,L,gs,AG 2,,,,,,,,,,,,,,,,,,,,,,,,,,,,,,,
459,Soller-SoC(A),Soller,High,Medium,Medium,Very Low,C,R,b,AG 1,,,,,,,,,,,,,,,,,,,,,,,,,,,,,,,
460,Soller-SoD(A),Soller,High,Medium,Medium,Very Low,C,R,b,AG 1,,,,,,,,,,,,,,,,,,,,,,,,,,,,,,,
461,Soller-SoE(SJ),Soller,Very High,High,Medium,Very Low,C,R,b,AG 1,,,,,,,,,,,,,,,,,,,,,,,,,,,,,,,
462,Soller-SoF(A),Soller,Very High,High,Medium,Very Low,C,R,b,AG 1,,,,,,,,,,,,,,,,,,,,,,,,,,,,,,,
463,Soller-SoF(SJ),Soller,Very High,High,Medium,Very Low,C,R,b,AG 1,,,,,,,,,,,,,,,,,,,,,,,,,,,,,,,
464,Soller-SpD(A),Soller,High,Medium,Medium,Very Low,C,R,b,AG 1,,,,,,,,,,,,,,,,,,,,,,,,,,,,,,,
465,Soller-SpF(A),Soller,Very High,High,Medium,Very Low,C,R,b,AG 1,,,,,,,,,,,,,,,,,,,,,,,,,,,,,,,
466,Soller-SrD(M),Soller,Very High,Medium,Medium,Very Low,C,R,b,AG 1,,,,,,,,,,,,,,,,,,,,,,,,,,,,,,,
467,Soller-SrE(M),Soller,Very High,High,Medium,Very Low,C,R,b,AG 1,,,,,,,,,,,,,,,,,,,,,,,,,,,,,,,
468,Soller-SrF(A),Soller,Very High,High,Medium,Very Low,C,R,b,AG 1,,,,,,,,,,,,,,,,,,,,,,,,,,,,,,,
469,Soller-SsD2(M),Soller,High,Medium,Medium,Very Low,C,R,b,AG 1,,,,,,,,,,,,,,,,,,,,,,,,,,,,,,,
470,Soller-SsE2(M),Soller,Very High,High,Medium,Very Low,C,R,b,AG 1,,,,,,,,,,,,,,,,,,,,,,,,,,,,,,,
471,Soller-StB(M),Soller,Medium,Low,Medium,Very Low,C,R,b,AG 1,,,,,,,,,,,,,,,,,,,,,,,,,,,,,,,
472,Soller-StC(M),Soller,High,Medium,Medium,Very Low,C,R,b,AG 1,,,,,,,,,,,,,,,,,,,,,,,,,,,,,,,
473,Soller-StD(M),Soller,High,Medium,Medium,Very Low,C,R,b,AG 1,,,,,,,,,,,,,,,,,,,,,,,,,,,,,,,
474,Soller-StE(M),Soller,Very High,High,Medium,Very Low,C,R,b,AG 1,,,,,,,,,,,,,,,,,,,,,,,,,,,,,,,
475,Sosa-SoA(L),Sosa,Low,Very Low,Very Low,Medium,S,C,d,AG 1,,,,,,,,,,,,,,,,,,,,,,,,,,,,,,,
476,Sosa-SsB(L),Sosa,Low,Very Low,Medium,Medium,S,C,d,AG 1,,,,,,,,,,,,,,,,,,,,,,,,,,,,,,,
477,Sosa-SsD2(L),Sosa,Medium,Low,Medium,Medium,S,C,d,AG 1,,,,,,,,,,,,,,,,,,,,,,,,,,,,,,,
478,Talante-Ta(H),Talante,Medium,Very Low,Medium,High,L,L,egh,AG 2,,,,,,,,,,,,,,,,,,,,,,,,,,,,,,,
479,Talante-Ta(M),Talante,Medium,Very Low,Medium,High,L,L,egh,AG 2,,,,,,,,,,,,,,,,,,,,,,,,,,,,,,,
480,Tanama-RtF(A),Tanama,Very High,High,Medium,Very Low,C,R,None,AG 1,,,,,,,,,,,,,,,,,,,,,,,,,,,,,,,
481,Tanama-TaB(A),Tanama,High,Low,Medium,Very Low,C,R,None,AG 1,,,,,,,,,,,,,,,,,,,,,,,,,,,,,,,
482,Tanama-TaC2(A),Tanama,High,Medium,Medium,Very Low,C,R,None,AG 1,,,,,,,,,,,,,,,,,,,,,,,,,,,,,,,
483,Tanama-TaD2(A),Tanama,High,Medium,Medium,Very Low,C,R,None,AG 1,,,,,,,,,,,,,,,,,,,,,,,,,,,,,,,
484,Tanama-TaF(SJ),Tanama,Very High,High,Medium,Very Low,C,R,None,AG 1,,,,,,,,,,,,,,,,,,,,,,,,,,,,,,,
485,Tanama-TcB2(M),Tanama,High,Low,Medium,Very Low,C,R,None,AG 1,,,,,,,,,,,,,,,,,,,,,,,,,,,,,,,
486,Tanama-TcC2(M),Tanama,High,Medium,Medium,Very Low,C,R,None,AG 1,,,,,,,,,,,,,,,,,,,,,,,,,,,,,,,
487,Tanama-TcD2(M),Tanama,High,Medium,Medium,Very Low,C,R,None,AG 1,,,,,,,,,,,,,,,,,,,,,,,,,,,,,,,
488,Tanama-TcE2(M),Tanama,Very High,High,Medium,Very Low,C,R,None,AG 1,,,,,,,,,,,,,,,,,,,,,,,,,,,,,,,
489,Teja-TeE(H),Teja,Very High,Medium,Low,Very Low,L,R,eh,AG 2,,,,,,,,,,,,,,,,,,,,,,,,,,,,,,,
490,Teresa-Tc(L),Teresa,Very Low,Very Low,Medium,High,C,C,gs,AG 1,,,,,,,,,,,,,,,,,,,,,,,,,,,,,,,
491,Teresa-Te(P),Teresa,Very Low,Very Low,Medium,High,C,C,gs,AG 1,,,,,,,,,,,,,,,,,,,,,,,,,,,,,,,
492,Tiburones-Tb(A),Tiburones,Very Low,Very Low,Very Low,High,O,None,None,AG 4,,,,,,,,,,,,,,,,,,,,,,,,,,,,,,,
493,Toa-To(A),Toa,Low,Very Low,Medium,Medium,L,L,None,AG 1,,,,,,,,,,,,,,,,,,,,,,,,,,,,,,,
494,Toa-To(P),Toa,Very Low,Very Low,Medium,Medium,L,L,None,AG 1,,,,,,,,,,,,,,,,,,,,,,,,,,,,,,,
495,Toa-To(SJ),Toa,Very Low,Very Low,Medium,Medium,L,L,None,AG 1,,,,,,,,,,,,,,,,,,,,,,,,,,,,,,,
496,Toa-ToA(M),Toa,Very Low,Very Low,Medium,Medium,L,L,None,AG 1,,,,,,,,,,,,,,,,,,,,,,,,,,,,,,,
497,Toa-Ts(M),Toa,Very Low,Very Low,Medium,Medium,L,L,None,AG 1,,,,,,,,,,,,,,,,,,,,,,,,,,,,,,,
498,Toa-Tt(H),Toa,Very Low,Very Low,Medium,Medium,L,L,None,AG 1,,,,,,,,,,,,,,,,,,,,,,,,,,,,,,,
499,Torres-TrB(SJ),Torres,Low,Low,Very Low,High,S,C,ae,AG 3,,,,,,,,,,,,,,,,,,,,,,,,,,,,,,,
500,Tuque-TuF(P),Tuque,Very High,Medium,Medium,High,L,R,d,AG 1,,,,,,,,,,,,,,,,,,,,,,,,,,,,,,,
501,Utuado/Picacho-UpF(H),Utuado/Picacho,Very High,High,Medium,Medium,L,L,eh,AG 2,,,,,,,,,,,,,,,,,,,,,,,,,,,,,,,
502,Vayas-Va(H),Vayas,Very Low,Very Low,Medium,High,C,C,g,AG 1,,,,,,,,,,,,,,,,,,,,,,,,,,,,,,,
503,Vayas-Va(L),Vayas,Very Low,Very Low,Medium,High,C,C,g,AG 1,,,,,,,,,,,,,,,,,,,,,,,,,,,,,,,
504,Vayas-Vc(H),Vayas,Very Low,Very Low,Medium,High,C,C,g,AG 1,,,,,,,,,,,,,,,,,,,,,,,,,,,,,,,
505,Vega Alta-VaB(A),Vega Alta,Low,Low,Medium,Medium,L,C,ae,AG 2,,,,,,,,,,,,,,,,,,,,,,,,,,,,,,,
506,Vega Alta-VaB(SJ),Vega Alta,Low,Low,Medium,Medium,L,C,ae,AG 2,,,,,,,,,,,,,,,,,,,,,,,,,,,,,,,
507,Vega Alta-VaC2(A),Vega Alta,Medium,Medium,Medium,Medium,L,C,ae,AG 2,,,,,,,,,,,,,,,,,,,,,,,,,,,,,,,
508,Vega Alta-VaC2(SJ),Vega Alta,Medium,Medium,Medium,Medium,L,C,ae,AG 2,,,,,,,,,,,,,,,,,,,,,,,,,,,,,,,
509,Vega Alta-VcB(A),Vega Alta,Low,Low,Medium,Medium,L,C,ae,AG 2,,,,,,,,,,,,,,,,,,,,,,,,,,,,,,,
510,Vega Alta-VcC2(A),Vega Alta,Medium,Medium,Medium,Medium,L,C,ae,AG 2,,,,,,,,,,,,,,,,,,,,,,,,,,,,,,,
511,Vega Alta-VeB(H),Vega Alta,Low,Low,Medium,Medium,L,C,ae,AG 2,,,,,,,,,,,,,,,,,,,,,,,,,,,,,,,
512,Vega Alta-VeC(H),Vega Alta,Medium,Medium,Medium,Medium,L,C,ae,AG 2,,,,,,,,,,,,,,,,,,,,,,,,,,,,,,,
513,Vega Baja-VeB(A),Vega Baja,Medium,Medium,Medium,High,L,C,gh,AG 3,,,,,,,,,,,,,,,,,,,,,,,,,,,,,,,
514,Vega Baja-Vg(SJ),Vega Baja,Low,Low,Medium,High,L,C,gh,AG 4,,,,,,,,,,,,,,,,,,,,,,,,,,,,,,,
515,Vega Baja-VgA(H),Vega Baja,Very Low,Low,Medium,High,L,C,gh,AG 5,,,,,,,,,,,,,,,,,,,,,,,,,,,,,,,
516,Via-VkC2(SJ),Via,Medium,Medium,Medium,Medium,L,C,h,AG 2,,,,,,,,,,,,,,,,,,,,,,,,,,,,,,,
517,Via-VlC(H),Via,Medium,Medium,Medium,Medium,L,C,h,AG 2,,,,,,,,,,,,,,,,,,,,,,,,,,,,,,,
518,Vieques-VmC(H),Vieques,Medium,Low,Low,High,L,L,de,AG 1,,,,,,,,,,,,,,,,,,,,,,,,,,,,,,,
519,Vieques-VmE2(H),Vieques,Very High,Medium,Low,High,L,L,de,AG 1,,,,,,,,,,,,,,,,,,,,,,,,,,,,,,,
520,Vigia-Vg(A),Vigia,Very Low,Very Low,Very Low,High,O,C,g,AG 4,,,,,,,,,,,,,,,,,,,,,,,,,,,,,,,
521,Vives-Vs(H),Vives,Low,Very Low,Medium,Medium,C,L,d,AG 1,,,,,,,,,,,,,,,,,,,,,,,,,,,,,,,
522,Vives-VvA(H),Vives,Medium,Very Low,Medium,Medium,C,L,d,AG 1,,,,,,,,,,,,,,,,,,,,,,,,,,,,,,,
523,Vives-VvB(H),Vives,Medium,Low,Medium,Medium,C,L,d,AG 1,,,,,,,,,,,,,,,,,,,,,,,,,,,,,,,
524,Vivi-Vm(A),Vivi,Very Low,Very Low,Low,Medium,L,L,h,AG 2,,,,,,,,,,,,,,,,,,,,,,,,,,,,,,,
525,Vivi-Vv(SJ),Vivi,Very Low,Very Low,Low,Medium,L,L,h,AG 2,,,,,,,,,,,,,,,,,,,,,,,,,,,,,,,
526,Vivi-Vw(H),Vivi,Very Low,Very Low,Low,Medium,L,L,h,AG 2,,,,,,,,,,,,,,,,,,,,,,,,,,,,,,,
527,Voladora-VoC2(A),Voladora,Low,Medium,Very High,Medium,C,C,ae,AG 3,,,,,,,,,,,,,,,,,,,,,,,,,,,,,,,
528,Voladora-VoD2(A),Voladora,Medium,Medium,Very High,Medium,C,C,ae,AG 3,,,,,,,,,,,,,,,,,,,,,,,,,,,,,,,
529,Voladora-VoD2(M),Voladora,Medium,Medium,Very High,Medium,C,C,ae,AG 3,,,,,,,,,,,,,,,,,,,,,,,,,,,,,,,
530,Voladora-VoE2(A),Voladora,High,High,Very High,Medium,C,C,ae,AG 3,,,,,,,,,,,,,,,,,,,,,,,,,,,,,,,
531,Voladora-VoE2(M),Voladora,High,High,Very High,Medium,C,C,ae,AG 3,,,,,,,,,,,,,,,,,,,,,,,,,,,,,,,
532,Voladora-VrC2(M),Voladora,Low,Medium,Very High,Medium,C,C,ae,AG 3,,,,,,,,,,,,,,,,,,,,,,,,,,,,,,,
533,Yauco-YcB(P),Yauco,Medium,Low,High,Low,L,L,bd,AG 1,,,,,,,,,,,,,,,,,,,,,,,,,,,,,,,
534,Yauco-YcC(P),Yauco,Medium,Medium,High,Low,L,L,bd,AG 1,,,,,,,,,,,,,,,,,,,,,,,,,,,,,,,
535,Yunes-YeE(SJ),Yunes,Very High,Medium,Medium,Very Low,L,R,h,AG 2,,,,,,,,,,,,,,,,,,,,,,,,,,,,,,,
536,Yunes-YeF(SJ),Yunes,Very High,Medium,Medium,Very Low,L,R,h,AG 2,,,,,,,,,,,,,,,,,,,,,,,,,,,,,,,
537,Yunes-YuF2(H),Yunes,Very High,High,Medium,Very Low,L,R,h,AG 2,,,,,,,,,,,,,,,,,,,,,,,,,,,,,,,
538,Yunque-LyF(H),Yunque,Very High,High,Medium,Low,L,C,aei,AG 2,,,,,,,,,,,,,,,,,,,,,,,,,,,,,,,
,,,,,,,,,,,,,,,,,,,,,,,,,,,,,,,,,,,,,,,,,
,,,,,,,,,,,,,,,,,,,,,,,,,,,,,,,,,,,,,,,,,
,,,,,,,,,,,,,,,,,,,,,,,,,,,,,,,,,,,,,,,,,
,,,,,,,,,,,,,,,,,,,,,,,,,,,,,,,,,,,,,,,,,
,,,,,,,,,,,,,,,,,,,,,,,,,,,,,,,,,,,,,,,,,
,,,,,,,,,,,,,,,,,,,,,,,,,,,,,,,,,,,,,,,,,
,,,,,,,,,,,,,,,,,,,,,,,,,,,,,,,,,,,,,,,,,
,,,,,,,,,,,,,,,,,,,,,,,,,,,,,,,,,,,,,,,,,
,,,,,,,,,,,,,,,,,,,,,,,,,,,,,,,,,,,,,,,,,
,,,,,,,,,,,,,,,,,,,,,,,,,,,,,,,,,,,,,,,,,
,,,,,,,,,,,,,,,,,,,,,,,,,,,,,,,,,,,,,,,,,
,,,,,,,,,,,,,,,,,,,,,,,,,,,,,,,,,,,,,,,,,
,,,,,,,,,,,,,,,,,,,,,,,,,,,,,,,,,,,,,,,,,
,,,,,,,,,,,,,,,,,,,,,,,,,,,,,,,,,,,,,,,,,
,,,,,,,,,,,,,,,,,,,,,,,,,,,,,,,,,,,,,,,,,
,,,,,,,,,,,,,,,,,,,,,,,,,,,,,,,,,,,,,,,,,
,,,,,,,,,,,,,,,,,,,,,,,,,,,,,,,,,,,,,,,,,
,,,,,,,,,,,,,,,,,,,,,,,,,,,,,,,,,,,,,,,,,
,,,,,,,,,,,,,,,,,,,,,,,,,,,,,,,,,,,,,,,,,
,,,,,,,,,,,,,,,,,,,,,,,,,,,,,,,,,,,,,,,,,
,,,,,,,,,,,,,,,,,,,,,,,,,,,,,,,,,,,,,,,,,
,,,,,,,,,,,,,,,,,,,,,,,,,,,,,,,,,,,,,,,,,
,,,,,,,,,,,,,,,,,,,,,,,,,,,,,,,,,,,,,,,,,
,,,,,,,,,,,,,,,,,,,,,,,,,,,,,,,,,,,,,,,,,